customer_id,name,city,age_group,join_date
1000,客户1000,杭州,46-55,2024-02-21
1001,客户1001,上海,46-55,2024-03-27
1002,客户1002,武汉,18-25,2024-03-16
1003,客户1003,武汉,36-45,2024-01-08
1004,客户1004,上海,46-55,2024-03-28
1005,客户1005,杭州,36-45,2024-02-03
1006,客户1006,上海,55+,2024-01-02
1007,客户1007,广州,26-35,2024-01-13
1008,客户1008,北京,55+,2024-04-10
1009,客户1009,上海,26-35,2024-01-23
1010,客户1010,南京,18-25,2024-03-01
1011,客户1011,上海,26-35,2024-03-25
1012,客户1012,上海,26-35,2024-02-07
1013,客户1013,南京,26-35,2024-02-29
1014,客户1014,成都,18-25,2024-02-06
1015,客户1015,上海,36-45,2024-02-11
1016,客户1016,成都,46-55,2024-01-10
1017,客户1017,广州,18-25,2024-03-18
1018,客户1018,北京,36-45,2024-04-08
1019,客户1019,杭州,18-25,2024-03-13
1020,客户1020,武汉,18-25,2024-02-08
1021,客户1021,杭州,18-25,2024-03-05
1022,客户1022,深圳,46-55,2024-03-11
1023,客户1023,武汉,55+,2024-02-04
1024,客户1024,杭州,18-25,2024-04-07
1025,客户1025,杭州,18-25,2024-01-15
1026,客户1026,武汉,26-35,2024-03-31
1027,客户1027,南京,26-35,2024-03-09
1028,客户1028,成都,18-25,2024-04-04
1029,客户1029,成都,55+,2024-01-26
1030,客户1030,深圳,46-55,2024-02-10
1031,客户1031,北京,36-45,2024-03-03
1032,客户1032,武汉,18-25,2024-04-04
1033,客户1033,武汉,18-25,2024-02-07
1034,客户1034,广州,36-45,2024-01-05
1035,客户1035,广州,55+,2024-04-04
1036,客户1036,杭州,55+,2024-01-01
1037,客户1037,武汉,18-25,2024-03-07
1038,客户1038,深圳,36-45,2024-01-15
1039,客户1039,成都,46-55,2024-01-26
1040,客户1040,上海,46-55,2024-02-13
1041,客户1041,深圳,46-55,2024-02-20
1042,客户1042,北京,26-35,2024-01-07
1043,客户1043,成都,55+,2024-02-13
1044,客户1044,成都,18-25,2024-03-26
1045,客户1045,杭州,26-35,2024-02-24
1046,客户1046,南京,36-45,2024-02-01
1047,客户1047,成都,55+,2024-04-10
1048,客户1048,广州,18-25,2024-01-26
1049,客户1049,上海,26-35,2024-02-26
1050,客户1050,北京,26-35,2024-01-25
1051,客户1051,广州,55+,2024-02-04
1052,客户1052,杭州,18-25,2024-01-27
1053,客户1053,南京,18-25,2024-01-10
1054,客户1054,杭州,18-25,2024-02-15
1055,客户1055,武汉,18-25,2024-03-08
1056,客户1056,北京,26-35,2024-03-22
1057,客户1057,上海,18-25,2024-04-02
1058,客户1058,深圳,18-25,2024-04-06
1059,客户1059,深圳,36-45,2024-04-02
1060,客户1060,成都,46-55,2024-01-10
1061,客户1061,北京,55+,2024-01-08
1062,客户1062,北京,55+,2024-03-21
1063,客户1063,深圳,26-35,2024-02-26
1064,客户1064,上海,36-45,2024-01-08
1065,客户1065,北京,36-45,2024-02-11
1066,客户1066,广州,55+,2024-02-06
1067,客户1067,南京,26-35,2024-01-21
1068,客户1068,南京,55+,2024-03-24
1069,客户1069,北京,46-55,2024-03-19
1070,客户1070,南京,46-55,2024-02-21
1071,客户1071,广州,18-25,2024-03-16
1072,客户1072,上海,26-35,2024-04-08
1073,客户1073,北京,46-55,2024-03-21
1074,客户1074,南京,55+,2024-02-11
1075,客户1075,南京,46-55,2024-01-14
1076,客户1076,北京,55+,2024-03-08
1077,客户1077,南京,46-55,2024-03-07
1078,客户1078,南京,26-35,2024-02-15
1079,客户1079,北京,55+,2024-02-21
1080,客户1080,南京,26-35,2024-01-24
1081,客户1081,上海,36-45,2024-04-01
1082,客户1082,上海,18-25,2024-04-07
1083,客户1083,杭州,55+,2024-02-01
1084,客户1084,北京,55+,2024-01-12
1085,客户1085,深圳,36-45,2024-02-03
1086,客户1086,上海,26-35,2024-03-25
1087,客户1087,杭州,18-25,2024-01-14
1088,客户1088,深圳,18-25,2024-03-04
1089,客户1089,南京,26-35,2024-03-16
1090,客户1090,广州,46-55,2024-03-31
1091,客户1091,武汉,26-35,2024-01-17
1092,客户1092,南京,46-55,2024-02-01
1093,客户1093,杭州,55+,2024-01-09
1094,客户1094,成都,18-25,2024-04-03
1095,客户1095,成都,18-25,2024-02-04
1096,客户1096,深圳,26-35,2024-02-15
1097,客户1097,杭州,46-55,2024-02-02
1098,客户1098,北京,55+,2024-03-13
1099,客户1099,杭州,46-55,2024-03-11
1100,客户1100,北京,18-25,2024-01-18
1101,客户1101,杭州,36-45,2024-03-28
1102,客户1102,杭州,55+,2024-04-07
1103,客户1103,武汉,36-45,2024-02-02
1104,客户1104,武汉,18-25,2024-02-20
1105,客户1105,上海,36-45,2024-02-13
1106,客户1106,武汉,55+,2024-02-20
1107,客户1107,南京,18-25,2024-01-28
1108,客户1108,成都,46-55,2024-02-15
1109,客户1109,广州,36-45,2024-04-08
1110,客户1110,上海,36-45,2024-03-20
1111,客户1111,南京,26-35,2024-01-18
1112,客户1112,成都,46-55,2024-03-14
1113,客户1113,成都,18-25,2024-01-30
1114,客户1114,成都,55+,2024-04-04
1115,客户1115,北京,26-35,2024-01-05
1116,客户1116,北京,18-25,2024-02-24
1117,客户1117,上海,46-55,2024-02-04
1118,客户1118,上海,26-35,2024-02-11
1119,客户1119,杭州,26-35,2024-01-30
1120,客户1120,上海,26-35,2024-02-08
1121,客户1121,北京,26-35,2024-04-10
1122,客户1122,成都,36-45,2024-03-06
1123,客户1123,杭州,18-25,2024-01-01
1124,客户1124,成都,26-35,2024-02-11
1125,客户1125,杭州,18-25,2024-01-28
1126,客户1126,广州,36-45,2024-04-01
1127,客户1127,成都,36-45,2024-03-11
1128,客户1128,上海,46-55,2024-02-07
1129,客户1129,杭州,55+,2024-01-08
1130,客户1130,深圳,18-25,2024-04-03
1131,客户1131,杭州,46-55,2024-04-04
1132,客户1132,深圳,18-25,2024-04-01
1133,客户1133,武汉,36-45,2024-02-23
1134,客户1134,杭州,46-55,2024-01-26
1135,客户1135,成都,26-35,2024-03-18
1136,客户1136,上海,36-45,2024-01-02
1137,客户1137,深圳,55+,2024-02-17
1138,客户1138,杭州,18-25,2024-02-16
1139,客户1139,广州,46-55,2024-01-12
1140,客户1140,广州,55+,2024-02-13
1141,客户1141,广州,36-45,2024-03-27
1142,客户1142,成都,26-35,2024-02-19
1143,客户1143,北京,36-45,2024-02-05
1144,客户1144,杭州,26-35,2024-01-29
1145,客户1145,上海,36-45,2024-01-05
1146,客户1146,成都,18-25,2024-02-17
1147,客户1147,深圳,46-55,2024-03-25
1148,客户1148,南京,18-25,2024-02-08
1149,客户1149,深圳,36-45,2024-01-07
1150,客户1150,成都,46-55,2024-03-11
1151,客户1151,上海,46-55,2024-04-02
1152,客户1152,广州,46-55,2024-03-20
1153,客户1153,杭州,18-25,2024-02-17
1154,客户1154,成都,46-55,2024-04-06
1155,客户1155,广州,18-25,2024-04-02
1156,客户1156,杭州,26-35,2024-01-06
1157,客户1157,成都,46-55,2024-02-21
1158,客户1158,北京,46-55,2024-01-23
1159,客户1159,南京,26-35,2024-03-20
1160,客户1160,武汉,46-55,2024-03-05
1161,客户1161,北京,26-35,2024-01-18
1162,客户1162,上海,46-55,2024-01-21
1163,客户1163,武汉,55+,2024-03-30
1164,客户1164,杭州,18-25,2024-03-30
1165,客户1165,上海,55+,2024-03-27
1166,客户1166,上海,55+,2024-03-09
1167,客户1167,武汉,36-45,2024-01-05
1168,客户1168,成都,55+,2024-02-06
1169,客户1169,广州,46-55,2024-01-07
1170,客户1170,南京,36-45,2024-03-08
1171,客户1171,杭州,55+,2024-03-17
1172,客户1172,深圳,46-55,2024-03-29
1173,客户1173,深圳,36-45,2024-02-25
1174,客户1174,深圳,26-35,2024-03-19
1175,客户1175,广州,46-55,2024-02-14
1176,客户1176,成都,36-45,2024-02-18
1177,客户1177,深圳,36-45,2024-01-04
1178,客户1178,南京,26-35,2024-02-15
1179,客户1179,武汉,36-45,2024-04-10
1180,客户1180,北京,55+,2024-01-19
1181,客户1181,南京,18-25,2024-03-02
1182,客户1182,北京,18-25,2024-01-04
1183,客户1183,广州,55+,2024-04-09
1184,客户1184,武汉,46-55,2024-01-20
1185,客户1185,成都,46-55,2024-01-30
1186,客户1186,广州,18-25,2024-04-01
1187,客户1187,武汉,18-25,2024-01-31
1188,客户1188,广州,46-55,2024-03-17
1189,客户1189,北京,55+,2024-03-01
1190,客户1190,上海,36-45,2024-02-20
1191,客户1191,杭州,55+,2024-03-25
1192,客户1192,杭州,26-35,2024-03-05
1193,客户1193,北京,18-25,2024-03-25
1194,客户1194,杭州,55+,2024-04-05
1195,客户1195,南京,46-55,2024-03-04
1196,客户1196,广州,36-45,2024-03-10
1197,客户1197,武汉,26-35,2024-04-03
1198,客户1198,成都,36-45,2024-01-25
1199,客户1199,南京,36-45,2024-02-25
1200,客户1200,深圳,55+,2024-04-09
1201,客户1201,南京,36-45,2024-02-11
1202,客户1202,武汉,18-25,2024-02-03
1203,客户1203,南京,46-55,2024-04-03
1204,客户1204,杭州,46-55,2024-02-07
1205,客户1205,上海,46-55,2024-04-03
1206,客户1206,北京,36-45,2024-02-09
1207,客户1207,北京,18-25,2024-02-08
1208,客户1208,杭州,36-45,2024-03-02
1209,客户1209,武汉,46-55,2024-03-10
1210,客户1210,南京,26-35,2024-04-04
1211,客户1211,杭州,18-25,2024-02-13
1212,客户1212,杭州,46-55,2024-03-25
1213,客户1213,北京,46-55,2024-03-06
1214,客户1214,上海,46-55,2024-01-20
1215,客户1215,成都,55+,2024-03-09
1216,客户1216,武汉,55+,2024-03-30
1217,客户1217,上海,46-55,2024-02-28
1218,客户1218,杭州,26-35,2024-02-10
1219,客户1219,杭州,18-25,2024-02-14
1220,客户1220,北京,26-35,2024-03-25
1221,客户1221,广州,46-55,2024-02-03
1222,客户1222,杭州,55+,2024-02-25
1223,客户1223,武汉,26-35,2024-03-22
1224,客户1224,武汉,36-45,2024-01-20
1225,客户1225,成都,46-55,2024-03-31
1226,客户1226,杭州,18-25,2024-04-08
1227,客户1227,杭州,36-45,2024-04-01
1228,客户1228,成都,18-25,2024-02-06
1229,客户1229,上海,46-55,2024-03-03
1230,客户1230,南京,46-55,2024-01-07
1231,客户1231,南京,46-55,2024-01-04
1232,客户1232,杭州,26-35,2024-02-25
1233,客户1233,上海,36-45,2024-02-28
1234,客户1234,上海,55+,2024-01-26
1235,客户1235,武汉,18-25,2024-02-08
1236,客户1236,杭州,26-35,2024-03-14
1237,客户1237,南京,46-55,2024-03-15
1238,客户1238,深圳,36-45,2024-02-24
1239,客户1239,成都,26-35,2024-01-15
1240,客户1240,杭州,55+,2024-02-26
1241,客户1241,成都,36-45,2024-01-28
1242,客户1242,上海,55+,2024-02-03
1243,客户1243,广州,18-25,2024-02-08
1244,客户1244,杭州,36-45,2024-02-25
1245,客户1245,成都,55+,2024-03-23
1246,客户1246,武汉,18-25,2024-02-20
1247,客户1247,广州,55+,2024-01-16
1248,客户1248,上海,55+,2024-03-23
1249,客户1249,南京,55+,2024-03-03
1250,客户1250,上海,55+,2024-01-06
1251,客户1251,北京,55+,2024-02-25
1252,客户1252,北京,18-25,2024-01-17
1253,客户1253,广州,46-55,2024-03-14
1254,客户1254,深圳,55+,2024-03-18
1255,客户1255,北京,26-35,2024-01-15
1256,客户1256,上海,36-45,2024-03-18
1257,客户1257,广州,46-55,2024-03-02
1258,客户1258,成都,18-25,2024-02-05
1259,客户1259,上海,18-25,2024-03-28
1260,客户1260,成都,55+,2024-01-20
1261,客户1261,深圳,55+,2024-01-02
1262,客户1262,深圳,46-55,2024-03-30
1263,客户1263,广州,18-25,2024-02-09
1264,客户1264,广州,55+,2024-02-22
1265,客户1265,上海,55+,2024-04-09
1266,客户1266,北京,55+,2024-03-28
1267,客户1267,广州,26-35,2024-01-04
1268,客户1268,南京,36-45,2024-02-26
1269,客户1269,成都,26-35,2024-01-06
1270,客户1270,武汉,55+,2024-01-03
1271,客户1271,南京,18-25,2024-02-06
1272,客户1272,成都,55+,2024-03-03
1273,客户1273,北京,18-25,2024-04-04
1274,客户1274,武汉,18-25,2024-03-21
1275,客户1275,杭州,26-35,2024-03-07
1276,客户1276,武汉,26-35,2024-02-15
1277,客户1277,上海,46-55,2024-01-08
1278,客户1278,武汉,46-55,2024-04-08
1279,客户1279,武汉,36-45,2024-03-23
1280,客户1280,北京,46-55,2024-03-26
1281,客户1281,深圳,55+,2024-03-04
1282,客户1282,南京,46-55,2024-04-07
1283,客户1283,上海,55+,2024-04-10
1284,客户1284,上海,18-25,2024-02-22
1285,客户1285,杭州,26-35,2024-02-19
1286,客户1286,广州,18-25,2024-02-16
1287,客户1287,广州,26-35,2024-03-04
1288,客户1288,深圳,18-25,2024-02-13
1289,客户1289,广州,55+,2024-01-05
1290,客户1290,北京,18-25,2024-02-25
1291,客户1291,上海,36-45,2024-02-04
1292,客户1292,杭州,18-25,2024-03-01
1293,客户1293,上海,36-45,2024-04-08
1294,客户1294,武汉,55+,2024-03-24
1295,客户1295,南京,26-35,2024-02-19
1296,客户1296,杭州,26-35,2024-03-01
1297,客户1297,南京,36-45,2024-04-05
1298,客户1298,上海,55+,2024-02-25
1299,客户1299,杭州,55+,2024-03-17
1300,客户1300,上海,55+,2024-01-01
1301,客户1301,上海,18-25,2024-03-15
1302,客户1302,南京,55+,2024-02-06
1303,客户1303,广州,26-35,2024-02-07
1304,客户1304,深圳,26-35,2024-02-06
1305,客户1305,北京,18-25,2024-03-21
1306,客户1306,北京,46-55,2024-01-02
1307,客户1307,深圳,46-55,2024-02-13
1308,客户1308,上海,36-45,2024-01-27
1309,客户1309,深圳,18-25,2024-01-29
1310,客户1310,上海,36-45,2024-03-18
1311,客户1311,广州,55+,2024-02-06
1312,客户1312,武汉,26-35,2024-01-10
1313,客户1313,武汉,18-25,2024-03-03
1314,客户1314,武汉,55+,2024-03-26
1315,客户1315,成都,36-45,2024-03-15
1316,客户1316,成都,18-25,2024-01-01
1317,客户1317,杭州,55+,2024-02-03
1318,客户1318,上海,36-45,2024-02-08
1319,客户1319,深圳,46-55,2024-02-18
1320,客户1320,武汉,36-45,2024-04-04
1321,客户1321,上海,26-35,2024-02-10
1322,客户1322,杭州,18-25,2024-01-19
1323,客户1323,武汉,36-45,2024-03-29
1324,客户1324,南京,36-45,2024-01-16
1325,客户1325,上海,18-25,2024-01-14
1326,客户1326,深圳,18-25,2024-01-04
1327,客户1327,深圳,55+,2024-03-17
1328,客户1328,北京,46-55,2024-01-10
1329,客户1329,杭州,26-35,2024-02-06
1330,客户1330,武汉,46-55,2024-04-09
1331,客户1331,北京,55+,2024-04-05
1332,客户1332,上海,26-35,2024-04-09
1333,客户1333,杭州,36-45,2024-03-31
1334,客户1334,成都,18-25,2024-02-15
1335,客户1335,广州,18-25,2024-04-04
1336,客户1336,杭州,46-55,2024-04-01
1337,客户1337,上海,46-55,2024-01-04
1338,客户1338,广州,18-25,2024-01-29
1339,客户1339,深圳,26-35,2024-03-11
1340,客户1340,杭州,18-25,2024-02-16
1341,客户1341,南京,36-45,2024-01-03
1342,客户1342,武汉,26-35,2024-01-21
1343,客户1343,武汉,55+,2024-02-01
1344,客户1344,南京,55+,2024-03-09
1345,客户1345,广州,55+,2024-02-04
1346,客户1346,南京,55+,2024-04-03
1347,客户1347,南京,46-55,2024-03-01
1348,客户1348,武汉,55+,2024-01-17
1349,客户1349,广州,26-35,2024-01-02
1350,客户1350,杭州,46-55,2024-03-24
1351,客户1351,武汉,26-35,2024-03-15
1352,客户1352,杭州,26-35,2024-02-14
1353,客户1353,广州,36-45,2024-01-30
1354,客户1354,武汉,26-35,2024-02-04
1355,客户1355,杭州,26-35,2024-03-03
1356,客户1356,上海,26-35,2024-04-10
1357,客户1357,成都,36-45,2024-02-08
1358,客户1358,南京,18-25,2024-01-06
1359,客户1359,南京,36-45,2024-01-29
1360,客户1360,上海,36-45,2024-03-19
1361,客户1361,南京,18-25,2024-01-23
1362,客户1362,武汉,36-45,2024-04-05
1363,客户1363,成都,55+,2024-03-15
1364,客户1364,成都,55+,2024-01-02
1365,客户1365,北京,26-35,2024-01-20
1366,客户1366,武汉,36-45,2024-01-01
1367,客户1367,广州,46-55,2024-03-17
1368,客户1368,北京,46-55,2024-02-11
1369,客户1369,深圳,26-35,2024-03-17
1370,客户1370,南京,26-35,2024-01-22
1371,客户1371,广州,26-35,2024-03-23
1372,客户1372,南京,18-25,2024-01-11
1373,客户1373,武汉,26-35,2024-01-09
1374,客户1374,深圳,18-25,2024-03-12
1375,客户1375,北京,26-35,2024-02-17
1376,客户1376,武汉,55+,2024-04-03
1377,客户1377,广州,46-55,2024-02-19
1378,客户1378,北京,46-55,2024-03-30
1379,客户1379,深圳,18-25,2024-04-07
1380,客户1380,武汉,46-55,2024-01-19
1381,客户1381,深圳,46-55,2024-01-18
1382,客户1382,广州,46-55,2024-04-01
1383,客户1383,南京,55+,2024-02-11
1384,客户1384,北京,55+,2024-02-02
1385,客户1385,南京,55+,2024-01-27
1386,客户1386,南京,46-55,2024-02-25
1387,客户1387,广州,18-25,2024-02-17
1388,客户1388,广州,36-45,2024-01-18
1389,客户1389,南京,46-55,2024-03-07
1390,客户1390,武汉,18-25,2024-01-16
1391,客户1391,上海,26-35,2024-02-06
1392,客户1392,成都,36-45,2024-01-14
1393,客户1393,成都,18-25,2024-01-08
1394,客户1394,广州,36-45,2024-01-28
1395,客户1395,杭州,18-25,2024-03-04
1396,客户1396,广州,36-45,2024-03-27
1397,客户1397,北京,18-25,2024-02-16
1398,客户1398,成都,36-45,2024-02-25
1399,客户1399,深圳,26-35,2024-03-07
1400,客户1400,上海,36-45,2024-02-06
1401,客户1401,广州,18-25,2024-01-14
1402,客户1402,杭州,18-25,2024-03-24
1403,客户1403,杭州,26-35,2024-01-12
1404,客户1404,北京,26-35,2024-01-09
1405,客户1405,武汉,46-55,2024-02-20
1406,客户1406,上海,46-55,2024-02-18
1407,客户1407,深圳,36-45,2024-02-24
1408,客户1408,南京,46-55,2024-04-01
1409,客户1409,成都,26-35,2024-04-06
1410,客户1410,广州,36-45,2024-03-05
1411,客户1411,成都,55+,2024-04-03
1412,客户1412,深圳,55+,2024-02-01
1413,客户1413,杭州,46-55,2024-01-29
1414,客户1414,深圳,36-45,2024-04-05
1415,客户1415,北京,46-55,2024-01-25
1416,客户1416,深圳,18-25,2024-02-29
1417,客户1417,上海,46-55,2024-04-08
1418,客户1418,武汉,46-55,2024-02-15
1419,客户1419,武汉,46-55,2024-01-14
1420,客户1420,北京,55+,2024-02-22
1421,客户1421,广州,26-35,2024-04-08
1422,客户1422,杭州,55+,2024-02-24
1423,客户1423,成都,46-55,2024-03-06
1424,客户1424,南京,18-25,2024-03-22
1425,客户1425,上海,18-25,2024-01-19
1426,客户1426,广州,36-45,2024-01-11
1427,客户1427,深圳,26-35,2024-02-25
1428,客户1428,深圳,55+,2024-04-09
1429,客户1429,北京,26-35,2024-04-09
1430,客户1430,杭州,55+,2024-01-07
1431,客户1431,上海,18-25,2024-01-22
1432,客户1432,南京,26-35,2024-03-31
1433,客户1433,深圳,46-55,2024-03-30
1434,客户1434,北京,55+,2024-04-10
1435,客户1435,上海,26-35,2024-02-13
1436,客户1436,深圳,46-55,2024-02-10
1437,客户1437,广州,55+,2024-02-12
1438,客户1438,成都,18-25,2024-01-24
1439,客户1439,杭州,26-35,2024-02-16
1440,客户1440,广州,26-35,2024-03-13
1441,客户1441,杭州,36-45,2024-03-02
1442,客户1442,武汉,46-55,2024-01-15
1443,客户1443,深圳,46-55,2024-04-02
1444,客户1444,上海,46-55,2024-01-30
1445,客户1445,武汉,55+,2024-02-24
1446,客户1446,深圳,55+,2024-03-07
1447,客户1447,南京,26-35,2024-03-13
1448,客户1448,深圳,36-45,2024-01-06
1449,客户1449,武汉,18-25,2024-02-26
1450,客户1450,深圳,36-45,2024-01-08
1451,客户1451,南京,18-25,2024-01-08
1452,客户1452,上海,18-25,2024-03-23
1453,客户1453,深圳,26-35,2024-01-02
1454,客户1454,深圳,26-35,2024-01-08
1455,客户1455,南京,36-45,2024-03-11
1456,客户1456,南京,36-45,2024-03-06
1457,客户1457,武汉,46-55,2024-01-05
1458,客户1458,广州,55+,2024-01-02
1459,客户1459,成都,36-45,2024-04-01
1460,客户1460,广州,18-25,2024-01-08
1461,客户1461,广州,36-45,2024-01-14
1462,客户1462,上海,46-55,2024-01-06
1463,客户1463,南京,18-25,2024-02-25
1464,客户1464,上海,55+,2024-03-07
1465,客户1465,上海,46-55,2024-04-04
1466,客户1466,北京,55+,2024-02-04
1467,客户1467,上海,18-25,2024-02-12
1468,客户1468,武汉,18-25,2024-03-09
1469,客户1469,上海,26-35,2024-01-04
1470,客户1470,武汉,18-25,2024-02-18
1471,客户1471,武汉,36-45,2024-02-17
1472,客户1472,广州,46-55,2024-02-29
1473,客户1473,成都,55+,2024-03-06
1474,客户1474,北京,18-25,2024-01-28
1475,客户1475,南京,46-55,2024-04-08
1476,客户1476,深圳,55+,2024-02-06
1477,客户1477,杭州,18-25,2024-01-29
1478,客户1478,武汉,26-35,2024-02-10
1479,客户1479,武汉,46-55,2024-02-29
1480,客户1480,杭州,36-45,2024-03-02
1481,客户1481,成都,26-35,2024-02-14
1482,客户1482,深圳,26-35,2024-02-19
1483,客户1483,北京,36-45,2024-03-05
1484,客户1484,杭州,36-45,2024-03-06
1485,客户1485,武汉,18-25,2024-02-11
1486,客户1486,深圳,26-35,2024-02-01
1487,客户1487,深圳,46-55,2024-04-03
1488,客户1488,上海,46-55,2024-03-02
1489,客户1489,北京,46-55,2024-02-28
1490,客户1490,南京,26-35,2024-02-29
1491,客户1491,武汉,36-45,2024-03-08
1492,客户1492,南京,18-25,2024-03-31
1493,客户1493,北京,55+,2024-04-02
1494,客户1494,南京,46-55,2024-01-06
1495,客户1495,广州,55+,2024-02-02
1496,客户1496,北京,36-45,2024-02-04
1497,客户1497,杭州,26-35,2024-04-10
1498,客户1498,杭州,46-55,2024-01-24
1499,客户1499,广州,26-35,2024-01-17
1500,客户1500,武汉,36-45,2024-02-22
1501,客户1501,上海,36-45,2024-04-10
1502,客户1502,深圳,36-45,2024-02-24
1503,客户1503,深圳,18-25,2024-01-28
1504,客户1504,成都,36-45,2024-01-25
1505,客户1505,深圳,18-25,2024-02-09
1506,客户1506,南京,36-45,2024-01-05
1507,客户1507,深圳,55+,2024-04-06
1508,客户1508,广州,18-25,2024-01-12
1509,客户1509,武汉,26-35,2024-03-31
1510,客户1510,北京,18-25,2024-03-22
1511,客户1511,深圳,26-35,2024-03-19
1512,客户1512,北京,26-35,2024-02-23
1513,客户1513,北京,55+,2024-03-16
1514,客户1514,武汉,26-35,2024-03-04
1515,客户1515,杭州,26-35,2024-03-03
1516,客户1516,南京,55+,2024-03-19
1517,客户1517,深圳,18-25,2024-01-03
1518,客户1518,武汉,36-45,2024-04-02
1519,客户1519,武汉,18-25,2024-03-23
1520,客户1520,杭州,46-55,2024-02-14
1521,客户1521,成都,46-55,2024-01-29
1522,客户1522,南京,26-35,2024-03-21
1523,客户1523,武汉,36-45,2024-03-04
1524,客户1524,北京,36-45,2024-04-05
1525,客户1525,北京,36-45,2024-03-24
1526,客户1526,广州,18-25,2024-02-22
1527,客户1527,南京,55+,2024-01-07
1528,客户1528,广州,55+,2024-01-31
1529,客户1529,杭州,55+,2024-01-02
1530,客户1530,北京,26-35,2024-04-04
1531,客户1531,深圳,36-45,2024-03-18
1532,客户1532,武汉,46-55,2024-03-11
1533,客户1533,深圳,36-45,2024-03-06
1534,客户1534,杭州,55+,2024-03-05
1535,客户1535,上海,18-25,2024-02-22
1536,客户1536,广州,26-35,2024-01-16
1537,客户1537,杭州,55+,2024-01-13
1538,客户1538,广州,55+,2024-02-25
1539,客户1539,上海,55+,2024-02-04
1540,客户1540,北京,55+,2024-03-17
1541,客户1541,杭州,46-55,2024-03-05
1542,客户1542,成都,55+,2024-01-20
1543,客户1543,上海,55+,2024-03-22
1544,客户1544,杭州,18-25,2024-02-17
1545,客户1545,武汉,55+,2024-02-24
1546,客户1546,深圳,36-45,2024-04-04
1547,客户1547,杭州,26-35,2024-02-18
1548,客户1548,南京,18-25,2024-02-13
1549,客户1549,广州,55+,2024-02-07
1550,客户1550,深圳,36-45,2024-03-19
1551,客户1551,广州,18-25,2024-01-14
1552,客户1552,北京,26-35,2024-01-24
1553,客户1553,武汉,18-25,2024-02-29
1554,客户1554,上海,55+,2024-04-01
1555,客户1555,杭州,26-35,2024-03-06
1556,客户1556,南京,26-35,2024-01-01
1557,客户1557,武汉,46-55,2024-02-24
1558,客户1558,北京,55+,2024-01-31
1559,客户1559,广州,18-25,2024-03-22
1560,客户1560,成都,55+,2024-04-10
1561,客户1561,北京,36-45,2024-01-02
1562,客户1562,深圳,36-45,2024-02-02
1563,客户1563,南京,46-55,2024-02-22
1564,客户1564,广州,26-35,2024-01-14
1565,客户1565,成都,18-25,2024-01-25
1566,客户1566,上海,46-55,2024-02-22
1567,客户1567,上海,46-55,2024-02-25
1568,客户1568,深圳,26-35,2024-04-07
1569,客户1569,成都,36-45,2024-02-03
1570,客户1570,武汉,46-55,2024-03-12
1571,客户1571,成都,18-25,2024-03-09
1572,客户1572,南京,55+,2024-01-27
1573,客户1573,南京,26-35,2024-03-22
1574,客户1574,杭州,18-25,2024-03-03
1575,客户1575,深圳,26-35,2024-02-10
1576,客户1576,北京,18-25,2024-03-26
1577,客户1577,北京,36-45,2024-02-04
1578,客户1578,广州,18-25,2024-03-02
1579,客户1579,成都,55+,2024-01-29
1580,客户1580,武汉,18-25,2024-01-17
1581,客户1581,南京,18-25,2024-01-24
1582,客户1582,成都,46-55,2024-04-08
1583,客户1583,杭州,55+,2024-04-10
1584,客户1584,上海,18-25,2024-01-23
1585,客户1585,南京,55+,2024-01-25
1586,客户1586,广州,36-45,2024-03-02
1587,客户1587,武汉,36-45,2024-02-15
1588,客户1588,南京,18-25,2024-01-29
1589,客户1589,北京,26-35,2024-02-05
1590,客户1590,成都,55+,2024-01-18
1591,客户1591,北京,46-55,2024-02-14
1592,客户1592,南京,18-25,2024-03-26
1593,客户1593,北京,55+,2024-01-10
1594,客户1594,武汉,46-55,2024-01-21
1595,客户1595,广州,46-55,2024-02-17
1596,客户1596,杭州,18-25,2024-03-15
1597,客户1597,北京,46-55,2024-02-14
1598,客户1598,武汉,36-45,2024-02-05
1599,客户1599,南京,18-25,2024-02-13
1600,客户1600,南京,46-55,2024-02-16
1601,客户1601,杭州,18-25,2024-04-06
1602,客户1602,武汉,26-35,2024-03-28
1603,客户1603,成都,55+,2024-01-20
1604,客户1604,深圳,18-25,2024-03-13
1605,客户1605,武汉,55+,2024-02-25
1606,客户1606,北京,46-55,2024-02-15
1607,客户1607,北京,26-35,2024-03-09
1608,客户1608,深圳,26-35,2024-02-21
1609,客户1609,南京,55+,2024-03-18
1610,客户1610,南京,26-35,2024-01-06
1611,客户1611,南京,36-45,2024-02-25
1612,客户1612,上海,36-45,2024-03-18
1613,客户1613,武汉,18-25,2024-04-10
1614,客户1614,上海,18-25,2024-03-15
1615,客户1615,武汉,46-55,2024-02-25
1616,客户1616,杭州,36-45,2024-01-23
1617,客户1617,上海,36-45,2024-03-17
1618,客户1618,广州,18-25,2024-03-09
1619,客户1619,北京,36-45,2024-04-09
1620,客户1620,武汉,18-25,2024-03-10
1621,客户1621,武汉,46-55,2024-01-27
1622,客户1622,深圳,26-35,2024-01-17
1623,客户1623,武汉,18-25,2024-01-31
1624,客户1624,武汉,46-55,2024-02-24
1625,客户1625,广州,26-35,2024-01-25
1626,客户1626,上海,18-25,2024-01-13
1627,客户1627,杭州,36-45,2024-03-03
1628,客户1628,武汉,55+,2024-01-31
1629,客户1629,深圳,46-55,2024-02-22
1630,客户1630,南京,18-25,2024-01-08
1631,客户1631,南京,18-25,2024-01-08
1632,客户1632,北京,55+,2024-01-16
1633,客户1633,杭州,36-45,2024-01-17
1634,客户1634,广州,55+,2024-03-30
1635,客户1635,南京,18-25,2024-02-29
1636,客户1636,成都,36-45,2024-01-05
1637,客户1637,南京,18-25,2024-01-22
1638,客户1638,北京,18-25,2024-01-26
1639,客户1639,杭州,18-25,2024-03-20
1640,客户1640,武汉,36-45,2024-02-05
1641,客户1641,上海,36-45,2024-01-19
1642,客户1642,深圳,46-55,2024-03-26
1643,客户1643,武汉,55+,2024-02-07
1644,客户1644,广州,36-45,2024-02-06
1645,客户1645,深圳,55+,2024-02-02
1646,客户1646,武汉,36-45,2024-02-08
1647,客户1647,武汉,46-55,2024-01-14
1648,客户1648,成都,36-45,2024-02-18
1649,客户1649,上海,55+,2024-04-10
1650,客户1650,南京,36-45,2024-03-07
1651,客户1651,北京,46-55,2024-01-06
1652,客户1652,上海,55+,2024-02-24
1653,客户1653,武汉,55+,2024-01-27
1654,客户1654,深圳,36-45,2024-01-30
1655,客户1655,杭州,18-25,2024-03-17
1656,客户1656,上海,18-25,2024-03-17
1657,客户1657,杭州,18-25,2024-01-01
1658,客户1658,南京,26-35,2024-01-19
1659,客户1659,成都,46-55,2024-02-21
1660,客户1660,南京,46-55,2024-04-10
1661,客户1661,深圳,26-35,2024-01-10
1662,客户1662,武汉,46-55,2024-02-06
1663,客户1663,武汉,46-55,2024-04-09
1664,客户1664,武汉,26-35,2024-02-25
1665,客户1665,成都,46-55,2024-03-16
1666,客户1666,成都,18-25,2024-01-25
1667,客户1667,北京,55+,2024-01-14
1668,客户1668,成都,46-55,2024-04-06
1669,客户1669,成都,26-35,2024-04-04
1670,客户1670,上海,18-25,2024-04-09
1671,客户1671,南京,26-35,2024-03-19
1672,客户1672,武汉,55+,2024-02-09
1673,客户1673,南京,46-55,2024-02-22
1674,客户1674,成都,18-25,2024-01-10
1675,客户1675,杭州,46-55,2024-01-02
1676,客户1676,武汉,36-45,2024-01-20
1677,客户1677,深圳,18-25,2024-02-12
1678,客户1678,北京,26-35,2024-02-05
1679,客户1679,深圳,26-35,2024-02-15
1680,客户1680,杭州,26-35,2024-01-09
1681,客户1681,上海,55+,2024-02-05
1682,客户1682,深圳,55+,2024-01-26
1683,客户1683,广州,46-55,2024-02-27
1684,客户1684,广州,46-55,2024-02-11
1685,客户1685,成都,18-25,2024-03-31
1686,客户1686,杭州,55+,2024-01-03
1687,客户1687,北京,55+,2024-02-24
1688,客户1688,杭州,18-25,2024-02-20
1689,客户1689,深圳,26-35,2024-03-07
1690,客户1690,上海,18-25,2024-01-19
1691,客户1691,广州,18-25,2024-02-25
1692,客户1692,广州,36-45,2024-01-10
1693,客户1693,成都,55+,2024-02-10
1694,客户1694,深圳,26-35,2024-02-21
1695,客户1695,杭州,36-45,2024-01-12
1696,客户1696,武汉,36-45,2024-03-22
1697,客户1697,上海,26-35,2024-02-10
1698,客户1698,广州,46-55,2024-02-26
1699,客户1699,广州,26-35,2024-01-27
1700,客户1700,成都,55+,2024-02-07
1701,客户1701,上海,26-35,2024-01-23
1702,客户1702,杭州,55+,2024-03-28
1703,客户1703,成都,26-35,2024-01-26
1704,客户1704,杭州,26-35,2024-04-04
1705,客户1705,广州,36-45,2024-01-27
1706,客户1706,广州,46-55,2024-03-23
1707,客户1707,成都,36-45,2024-04-02
1708,客户1708,南京,26-35,2024-03-12
1709,客户1709,深圳,18-25,2024-01-09
1710,客户1710,深圳,55+,2024-01-14
1711,客户1711,武汉,46-55,2024-02-11
1712,客户1712,南京,36-45,2024-02-05
1713,客户1713,上海,36-45,2024-02-22
1714,客户1714,武汉,26-35,2024-02-15
1715,客户1715,成都,18-25,2024-03-15
1716,客户1716,上海,26-35,2024-01-22
1717,客户1717,深圳,36-45,2024-03-01
1718,客户1718,成都,55+,2024-02-01
1719,客户1719,上海,18-25,2024-01-26
1720,客户1720,广州,36-45,2024-04-09
1721,客户1721,南京,36-45,2024-01-21
1722,客户1722,杭州,18-25,2024-03-29
1723,客户1723,南京,36-45,2024-02-26
1724,客户1724,成都,18-25,2024-01-13
1725,客户1725,武汉,36-45,2024-03-09
1726,客户1726,北京,18-25,2024-01-04
1727,客户1727,武汉,26-35,2024-02-24
1728,客户1728,成都,36-45,2024-02-02
1729,客户1729,武汉,26-35,2024-03-15
1730,客户1730,深圳,18-25,2024-01-04
1731,客户1731,武汉,36-45,2024-01-01
1732,客户1732,南京,46-55,2024-02-19
1733,客户1733,深圳,36-45,2024-02-17
1734,客户1734,广州,36-45,2024-04-08
1735,客户1735,广州,18-25,2024-02-22
1736,客户1736,南京,18-25,2024-03-04
1737,客户1737,北京,36-45,2024-01-14
1738,客户1738,成都,26-35,2024-01-04
1739,客户1739,深圳,18-25,2024-01-25
1740,客户1740,武汉,46-55,2024-03-31
1741,客户1741,武汉,55+,2024-01-02
1742,客户1742,成都,26-35,2024-02-07
1743,客户1743,南京,18-25,2024-04-10
1744,客户1744,武汉,55+,2024-02-01
1745,客户1745,广州,26-35,2024-02-08
1746,客户1746,上海,18-25,2024-03-02
1747,客户1747,武汉,36-45,2024-03-16
1748,客户1748,成都,36-45,2024-02-15
1749,客户1749,北京,55+,2024-01-14
1750,客户1750,成都,55+,2024-01-08
1751,客户1751,南京,36-45,2024-02-29
1752,客户1752,武汉,26-35,2024-03-04
1753,客户1753,南京,26-35,2024-03-16
1754,客户1754,上海,55+,2024-02-03
1755,客户1755,广州,26-35,2024-02-15
1756,客户1756,广州,36-45,2024-03-09
1757,客户1757,武汉,55+,2024-01-31
1758,客户1758,杭州,46-55,2024-01-20
1759,客户1759,杭州,36-45,2024-02-16
1760,客户1760,上海,55+,2024-01-25
1761,客户1761,广州,46-55,2024-04-01
1762,客户1762,北京,18-25,2024-03-29
1763,客户1763,杭州,26-35,2024-01-05
1764,客户1764,南京,36-45,2024-01-15
1765,客户1765,武汉,36-45,2024-03-24
1766,客户1766,成都,46-55,2024-01-04
1767,客户1767,深圳,18-25,2024-02-24
1768,客户1768,深圳,55+,2024-01-11
1769,客户1769,武汉,36-45,2024-04-06
1770,客户1770,杭州,26-35,2024-02-17
1771,客户1771,成都,18-25,2024-01-15
1772,客户1772,广州,46-55,2024-03-07
1773,客户1773,广州,46-55,2024-01-19
1774,客户1774,广州,18-25,2024-03-28
1775,客户1775,北京,36-45,2024-01-14
1776,客户1776,上海,46-55,2024-02-20
1777,客户1777,南京,36-45,2024-01-22
1778,客户1778,广州,26-35,2024-01-26
1779,客户1779,杭州,55+,2024-03-27
1780,客户1780,南京,18-25,2024-03-05
1781,客户1781,上海,46-55,2024-02-13
1782,客户1782,深圳,26-35,2024-04-08
1783,客户1783,北京,36-45,2024-03-21
1784,客户1784,广州,18-25,2024-04-06
1785,客户1785,武汉,36-45,2024-02-18
1786,客户1786,广州,46-55,2024-01-06
1787,客户1787,深圳,36-45,2024-04-10
1788,客户1788,深圳,36-45,2024-03-21
1789,客户1789,广州,46-55,2024-04-05
1790,客户1790,南京,46-55,2024-04-09
1791,客户1791,深圳,26-35,2024-04-08
1792,客户1792,上海,55+,2024-03-24
1793,客户1793,南京,46-55,2024-01-23
1794,客户1794,上海,26-35,2024-03-05
1795,客户1795,杭州,26-35,2024-03-03
1796,客户1796,北京,26-35,2024-01-07
1797,客户1797,南京,55+,2024-03-06
1798,客户1798,南京,18-25,2024-01-02
1799,客户1799,武汉,46-55,2024-02-02
1800,客户1800,广州,26-35,2024-03-31
1801,客户1801,广州,18-25,2024-02-04
1802,客户1802,南京,55+,2024-01-11
1803,客户1803,广州,36-45,2024-03-30
1804,客户1804,广州,18-25,2024-03-02
1805,客户1805,深圳,36-45,2024-04-08
1806,客户1806,杭州,46-55,2024-03-22
1807,客户1807,北京,46-55,2024-01-26
1808,客户1808,南京,46-55,2024-03-24
1809,客户1809,深圳,18-25,2024-02-17
1810,客户1810,南京,46-55,2024-01-27
1811,客户1811,深圳,55+,2024-02-24
1812,客户1812,上海,55+,2024-02-26
1813,客户1813,上海,18-25,2024-03-01
1814,客户1814,深圳,36-45,2024-01-23
1815,客户1815,武汉,26-35,2024-01-05
1816,客户1816,成都,46-55,2024-01-05
1817,客户1817,成都,36-45,2024-01-05
1818,客户1818,南京,46-55,2024-03-17
1819,客户1819,成都,46-55,2024-01-07
1820,客户1820,深圳,55+,2024-02-11
1821,客户1821,成都,46-55,2024-01-15
1822,客户1822,北京,55+,2024-01-25
1823,客户1823,上海,26-35,2024-01-20
1824,客户1824,北京,36-45,2024-01-22
1825,客户1825,南京,26-35,2024-01-19
1826,客户1826,武汉,18-25,2024-01-29
1827,客户1827,南京,55+,2024-02-13
1828,客户1828,广州,26-35,2024-03-20
1829,客户1829,杭州,18-25,2024-04-10
1830,客户1830,深圳,18-25,2024-04-01
1831,客户1831,深圳,55+,2024-01-26
1832,客户1832,成都,26-35,2024-03-31
1833,客户1833,杭州,36-45,2024-02-24
1834,客户1834,武汉,36-45,2024-03-04
1835,客户1835,上海,26-35,2024-01-16
1836,客户1836,深圳,55+,2024-03-07
1837,客户1837,杭州,55+,2024-01-03
1838,客户1838,广州,46-55,2024-02-07
1839,客户1839,南京,36-45,2024-02-02
1840,客户1840,北京,55+,2024-01-24
1841,客户1841,北京,26-35,2024-02-17
1842,客户1842,成都,46-55,2024-01-08
1843,客户1843,广州,36-45,2024-02-05
1844,客户1844,成都,18-25,2024-01-09
1845,客户1845,武汉,18-25,2024-02-07
1846,客户1846,成都,55+,2024-01-11
1847,客户1847,上海,46-55,2024-03-13
1848,客户1848,广州,55+,2024-02-05
1849,客户1849,成都,18-25,2024-01-05
1850,客户1850,南京,18-25,2024-02-29
1851,客户1851,武汉,18-25,2024-02-21
1852,客户1852,武汉,46-55,2024-02-22
1853,客户1853,北京,55+,2024-04-06
1854,客户1854,上海,46-55,2024-02-06
1855,客户1855,武汉,18-25,2024-02-28
1856,客户1856,杭州,36-45,2024-03-05
1857,客户1857,武汉,46-55,2024-01-13
1858,客户1858,南京,46-55,2024-04-07
1859,客户1859,武汉,26-35,2024-01-28
1860,客户1860,成都,18-25,2024-02-27
1861,客户1861,北京,55+,2024-01-15
1862,客户1862,成都,26-35,2024-04-10
1863,客户1863,深圳,26-35,2024-03-04
1864,客户1864,北京,18-25,2024-02-09
1865,客户1865,北京,36-45,2024-03-10
1866,客户1866,广州,46-55,2024-01-16
1867,客户1867,深圳,36-45,2024-03-04
1868,客户1868,杭州,18-25,2024-01-15
1869,客户1869,成都,36-45,2024-04-07
1870,客户1870,成都,46-55,2024-03-24
1871,客户1871,杭州,36-45,2024-03-03
1872,客户1872,成都,36-45,2024-02-04
1873,客户1873,武汉,18-25,2024-04-08
1874,客户1874,北京,18-25,2024-02-14
1875,客户1875,南京,26-35,2024-04-05
1876,客户1876,广州,18-25,2024-01-09
1877,客户1877,北京,36-45,2024-01-03
1878,客户1878,成都,46-55,2024-02-17
1879,客户1879,北京,26-35,2024-01-07
1880,客户1880,深圳,55+,2024-02-02
1881,客户1881,南京,46-55,2024-03-13
1882,客户1882,深圳,18-25,2024-02-01
1883,客户1883,武汉,46-55,2024-01-13
1884,客户1884,南京,46-55,2024-03-08
1885,客户1885,北京,26-35,2024-03-13
1886,客户1886,南京,55+,2024-03-22
1887,客户1887,南京,18-25,2024-02-15
1888,客户1888,北京,46-55,2024-01-15
1889,客户1889,上海,46-55,2024-04-06
1890,客户1890,杭州,18-25,2024-04-06
1891,客户1891,北京,46-55,2024-02-04
1892,客户1892,武汉,18-25,2024-01-14
1893,客户1893,广州,46-55,2024-03-14
1894,客户1894,广州,46-55,2024-03-10
1895,客户1895,上海,46-55,2024-03-09
1896,客户1896,杭州,46-55,2024-01-24
1897,客户1897,武汉,46-55,2024-02-10
1898,客户1898,北京,26-35,2024-04-01
1899,客户1899,南京,26-35,2024-02-16
1900,客户1900,北京,26-35,2024-02-06
1901,客户1901,南京,18-25,2024-02-05
1902,客户1902,上海,46-55,2024-02-21
1903,客户1903,广州,36-45,2024-01-07
1904,客户1904,杭州,18-25,2024-01-04
1905,客户1905,北京,46-55,2024-01-18
1906,客户1906,武汉,46-55,2024-01-25
1907,客户1907,深圳,26-35,2024-03-08
1908,客户1908,深圳,36-45,2024-01-19
1909,客户1909,深圳,55+,2024-03-31
1910,客户1910,深圳,36-45,2024-02-14
1911,客户1911,北京,55+,2024-02-05
1912,客户1912,杭州,55+,2024-02-24
1913,客户1913,广州,55+,2024-01-13
1914,客户1914,杭州,18-25,2024-04-09
1915,客户1915,杭州,18-25,2024-02-13
1916,客户1916,成都,26-35,2024-01-13
1917,客户1917,深圳,55+,2024-04-09
1918,客户1918,深圳,18-25,2024-03-26
1919,客户1919,杭州,55+,2024-04-08
1920,客户1920,武汉,36-45,2024-02-25
1921,客户1921,成都,46-55,2024-02-24
1922,客户1922,成都,55+,2024-01-26
1923,客户1923,上海,55+,2024-02-27
1924,客户1924,成都,36-45,2024-02-07
1925,客户1925,上海,55+,2024-03-18
1926,客户1926,成都,46-55,2024-03-29
1927,客户1927,上海,55+,2024-02-19
1928,客户1928,上海,18-25,2024-02-20
1929,客户1929,杭州,18-25,2024-04-08
1930,客户1930,武汉,46-55,2024-04-08
1931,客户1931,杭州,26-35,2024-03-27
1932,客户1932,广州,55+,2024-03-06
1933,客户1933,成都,26-35,2024-01-25
1934,客户1934,南京,55+,2024-01-13
1935,客户1935,上海,55+,2024-02-02
1936,客户1936,成都,46-55,2024-03-09
1937,客户1937,武汉,46-55,2024-02-08
1938,客户1938,广州,36-45,2024-01-15
1939,客户1939,武汉,36-45,2024-02-23
1940,客户1940,广州,18-25,2024-02-28
1941,客户1941,广州,18-25,2024-01-09
1942,客户1942,杭州,26-35,2024-03-09
1943,客户1943,上海,26-35,2024-04-01
1944,客户1944,广州,46-55,2024-02-19
1945,客户1945,南京,46-55,2024-03-13
1946,客户1946,南京,55+,2024-02-02
1947,客户1947,深圳,18-25,2024-04-05
1948,客户1948,上海,26-35,2024-02-27
1949,客户1949,北京,46-55,2024-01-27
1950,客户1950,北京,36-45,2024-01-01
1951,客户1951,武汉,36-45,2024-03-27
1952,客户1952,广州,55+,2024-01-18
1953,客户1953,北京,55+,2024-03-01
1954,客户1954,北京,26-35,2024-03-19
1955,客户1955,深圳,55+,2024-01-10
1956,客户1956,上海,36-45,2024-03-06
1957,客户1957,南京,26-35,2024-02-27
1958,客户1958,上海,36-45,2024-01-28
1959,客户1959,上海,46-55,2024-02-02
1960,客户1960,深圳,18-25,2024-01-04
1961,客户1961,南京,18-25,2024-04-03
1962,客户1962,深圳,55+,2024-03-06
1963,客户1963,成都,36-45,2024-01-09
1964,客户1964,南京,26-35,2024-01-15
1965,客户1965,南京,46-55,2024-03-20
1966,客户1966,北京,26-35,2024-03-24
1967,客户1967,上海,36-45,2024-01-26
1968,客户1968,北京,55+,2024-02-19
1969,客户1969,杭州,26-35,2024-02-09
1970,客户1970,深圳,36-45,2024-02-08
1971,客户1971,广州,46-55,2024-03-19
1972,客户1972,成都,26-35,2024-01-23
1973,客户1973,南京,55+,2024-03-17
1974,客户1974,深圳,36-45,2024-02-04
1975,客户1975,上海,18-25,2024-04-03
1976,客户1976,上海,18-25,2024-01-16
1977,客户1977,南京,46-55,2024-03-15
1978,客户1978,武汉,46-55,2024-03-02
1979,客户1979,南京,36-45,2024-03-14
1980,客户1980,深圳,36-45,2024-02-09
1981,客户1981,武汉,26-35,2024-01-24
1982,客户1982,深圳,26-35,2024-03-24
1983,客户1983,武汉,55+,2024-04-09
1984,客户1984,广州,18-25,2024-01-19
1985,客户1985,北京,26-35,2024-03-20
1986,客户1986,上海,18-25,2024-02-28
1987,客户1987,广州,46-55,2024-01-04
1988,客户1988,北京,46-55,2024-02-23
1989,客户1989,深圳,26-35,2024-01-08
1990,客户1990,武汉,55+,2024-03-27
1991,客户1991,广州,18-25,2024-03-14
1992,客户1992,深圳,18-25,2024-02-03
1993,客户1993,武汉,26-35,2024-01-14
1994,客户1994,北京,18-25,2024-02-01
1995,客户1995,上海,26-35,2024-03-16
1996,客户1996,北京,18-25,2024-03-18
1997,客户1997,南京,55+,2024-03-25
1998,客户1998,北京,46-55,2024-04-05
1999,客户1999,广州,46-55,2024-01-15
