customer_id,recency,frequency,monetary,R_Score,F_Score,M_Score,RFM_Score,segment
1000,-364,14,43667.17999999999,5,5,4,554,冠军客户
1001,-346,11,45824.67,3,3,4,334,忠实客户
1002,-320,10,45646.13,2,3,4,234,流失风险客户
1003,-366,8,39673.31,5,2,3,523,一般客户
1004,-345,11,29390.14,3,3,2,332,忠实客户
1005,-338,8,24577.719999999998,3,2,1,321,一般客户
1006,-313,8,37501.9,2,2,3,223,一般客户
1007,-272,8,28736.050000000003,1,2,2,122,一般客户
1008,-279,12,39739.380000000005,1,4,3,143,流失风险客户
1009,-307,11,41997.06,1,3,3,133,流失风险客户
1010,-312,10,28559.51,2,3,2,232,流失风险客户
1011,-348,8,23447.29,3,2,1,321,一般客户
1012,-265,10,50698.17,1,3,4,134,流失风险客户
1013,-300,9,43294.8,1,2,4,124,一般客户
1014,-348,13,58883.46000000001,3,5,5,355,忠实客户
1015,-342,12,47159.83,3,4,4,344,忠实客户
1016,-356,12,44370.3,4,4,4,444,冠军客户
1017,-349,6,14859.1,3,1,1,311,一般客户
1018,-354,10,50766.939999999995,4,3,4,434,潜力客户
1019,-315,5,42293.93,2,1,3,213,一般客户
1020,-357,14,55187.63,4,5,5,455,冠军客户
1021,-356,7,40285.44999999999,4,1,3,413,一般客户
1022,-360,8,47306.22999999999,5,2,4,524,一般客户
1023,-366,14,60988.630000000005,5,5,5,555,冠军客户
1024,-355,9,34317.64,4,2,2,422,一般客户
1025,-337,11,36465.2,2,3,3,233,流失风险客户
1026,-329,12,87503.48000000001,2,4,5,245,流失风险客户
1027,-310,8,23378.260000000002,1,2,1,121,一般客户
1028,-354,8,29405.68,4,2,2,422,一般客户
1029,-350,4,25230.229999999996,4,1,1,411,一般客户
1030,-363,6,33409.62,5,1,2,512,一般客户
1031,-321,5,24485.239999999998,2,1,1,211,一般客户
1032,-364,10,33058.98,5,3,2,532,潜力客户
1033,-330,9,41121.63,2,2,3,223,一般客户
1034,-349,9,22282.379999999997,3,2,1,321,一般客户
1035,-349,12,41080.48,3,4,3,343,忠实客户
1036,-293,10,39015.22,1,3,3,133,流失风险客户
1037,-331,15,72435.28,2,5,5,255,流失风险客户
1038,-364,13,60945.39,5,5,5,555,冠军客户
1039,-359,11,77651.36,4,3,5,435,潜力客户
1040,-330,15,42317.57000000001,2,5,3,253,流失风险客户
1041,-356,13,62840.630000000005,4,5,5,455,冠军客户
1042,-311,11,48311.88,1,3,4,134,流失风险客户
1043,-282,11,59344.31,1,3,5,135,流失风险客户
1044,-260,9,21604.780000000002,1,2,1,121,一般客户
1045,-343,6,24781.68,3,1,1,311,一般客户
1046,-145,5,62766.9,1,1,5,115,一般客户
1047,-363,6,14977.059999999998,5,1,1,511,一般客户
1048,-258,5,30914.800000000003,1,1,2,112,一般客户
1049,-344,9,36774.7,3,2,3,323,一般客户
1050,-326,9,43408.61,2,2,4,224,一般客户
1051,-342,11,37079.840000000004,3,3,3,333,忠实客户
1052,-363,11,32151.170000000002,5,3,2,532,潜力客户
1053,-273,11,35145.95,1,3,3,133,流失风险客户
1054,-361,6,18153.47,5,1,1,511,一般客户
1055,-357,13,57742.83,4,5,5,455,冠军客户
1056,-357,7,27499.19,4,1,2,412,一般客户
1057,-309,7,39497.66999999999,1,1,3,113,一般客户
1058,-348,10,36359.49,3,3,3,333,忠实客户
1059,-344,6,13420.19,3,1,1,311,一般客户
1060,-352,10,64398.7,4,3,5,435,潜力客户
1061,-354,15,75067.93,4,5,5,455,冠军客户
1062,-354,20,109236.03,4,5,5,455,冠军客户
1063,-343,15,84558.27999999998,3,5,5,355,忠实客户
1064,-148,7,37563.8,1,1,3,113,一般客户
1065,-353,13,42107.350000000006,4,5,3,453,潜力客户
1066,-250,9,52042.36000000001,1,2,4,124,一般客户
1067,-304,14,58074.33000000001,1,5,5,155,流失风险客户
1068,-302,18,71934.32999999999,1,5,5,155,流失风险客户
1069,-350,11,31529.579999999994,4,3,2,432,潜力客户
1070,-362,6,39160.45,5,1,3,513,一般客户
1071,-315,15,43335.340000000004,2,5,4,254,流失风险客户
1072,-334,14,34639.22,2,5,2,252,流失风险客户
1073,-324,11,40883.53,2,3,3,233,流失风险客户
1074,-366,12,26166.490000000005,5,4,2,542,潜力客户
1075,-279,8,26473.24,1,2,2,122,一般客户
1076,-338,7,24397.199999999997,3,1,1,311,一般客户
1077,-363,13,35073.72000000001,5,5,3,553,潜力客户
1078,-350,12,57584.77,4,4,5,445,冠军客户
1079,-365,11,62165.66,5,3,5,535,潜力客户
1080,-361,12,30485.88,5,4,2,542,潜力客户
1081,-338,6,12293.619999999999,3,1,1,311,一般客户
1082,-352,9,44476.72,4,2,4,424,一般客户
1083,-326,9,40780.30999999999,2,2,3,223,一般客户
1084,-344,12,63625.88999999999,3,4,5,345,忠实客户
1085,-276,7,18239.45,1,1,1,111,一般客户
1086,-180,5,17536.41,1,1,1,111,一般客户
1087,-361,7,31223.119999999995,5,1,2,512,一般客户
1088,-318,8,32789.46,2,2,2,222,一般客户
1089,-277,9,42932.48,1,2,3,123,一般客户
1090,-350,8,24397.09,4,2,1,421,一般客户
1091,-351,16,78939.27000000002,4,5,5,455,冠军客户
1092,-322,7,28671.519999999997,2,1,2,212,一般客户
1093,-361,11,59564.29,5,3,5,535,潜力客户
1094,-357,13,44152.33000000001,4,5,4,454,冠军客户
1095,-365,12,55026.53,5,4,5,545,冠军客户
1096,-363,4,10362.52,5,1,1,511,一般客户
1097,-349,18,63683.29999999999,3,5,5,355,忠实客户
1098,-328,7,27190.120000000003,2,1,2,212,一般客户
1099,-352,11,30252.679999999997,4,3,2,432,潜力客户
1100,-346,16,56159.98999999999,3,5,5,355,忠实客户
1101,-348,4,20617.920000000002,3,1,1,311,一般客户
1102,-353,6,18928.079999999998,4,1,1,411,一般客户
1103,-341,9,41365.759999999995,3,2,3,323,一般客户
1104,-355,16,60344.909999999996,4,5,5,455,冠军客户
1105,-336,12,47796.70999999999,2,4,4,244,流失风险客户
1106,-344,17,57003.96,3,5,5,355,忠实客户
1107,-339,10,46719.71,3,3,4,334,忠实客户
1108,-322,9,33479.81,2,2,2,222,一般客户
1109,-303,13,38144.149999999994,1,5,3,153,流失风险客户
1110,-364,10,36059.16,5,3,3,533,潜力客户
1111,-297,13,44895.57,1,5,4,154,流失风险客户
1112,-349,9,37367.46000000001,3,2,3,323,一般客户
1113,-342,12,32592.38,3,4,2,342,忠实客户
1114,-285,13,42502.13999999999,1,5,3,153,流失风险客户
1115,-364,6,13089.939999999999,5,1,1,511,一般客户
1116,-365,10,39476.420000000006,5,3,3,533,潜力客户
1117,-365,12,59054.32,5,4,5,545,冠军客户
1118,-329,11,56250.22,2,3,5,235,流失风险客户
1119,-346,13,82643.33000000002,3,5,5,355,忠实客户
1120,-229,9,39931.770000000004,1,2,3,123,一般客户
1121,-319,6,29265.769999999997,2,1,2,212,一般客户
1122,-364,7,44842.33,5,1,4,514,一般客户
1123,-334,12,43342.850000000006,2,4,4,244,流失风险客户
1124,-294,10,35557.31,1,3,3,133,流失风险客户
1125,-269,14,55662.630000000005,1,5,5,155,流失风险客户
1126,-350,12,32758.02,4,4,2,442,潜力客户
1127,-340,15,49859.14000000001,3,5,4,354,忠实客户
1128,-362,7,35789.939999999995,5,1,3,513,一般客户
1129,-348,7,20172.649999999998,3,1,1,311,一般客户
1130,-265,5,10183.439999999999,1,1,1,111,一般客户
1131,-346,13,58845.090000000004,3,5,5,355,忠实客户
1132,-338,14,53973.450000000004,3,5,4,354,忠实客户
1133,-262,6,40163.25,1,1,3,113,一般客户
1134,-287,9,46724.3,1,2,4,124,一般客户
1135,-334,8,34263.7,2,2,2,222,一般客户
1136,-329,12,44620.26999999999,2,4,4,244,流失风险客户
1137,-209,9,37639.229999999996,1,2,3,123,一般客户
1138,-326,11,34673.71,2,3,2,232,流失风险客户
1139,-366,13,56994.12000000001,5,5,5,555,冠军客户
1140,-321,9,29280.959999999995,2,2,2,222,一般客户
1141,-350,10,36558.829999999994,4,3,3,433,潜力客户
1142,-349,12,28402.059999999998,3,4,2,342,忠实客户
1143,-347,5,17134.3,3,1,1,311,一般客户
1144,-361,13,52820.340000000004,5,5,4,554,冠军客户
1145,-307,8,34294.05,1,2,2,122,一般客户
1146,-339,10,56310.67,3,3,5,335,忠实客户
1147,-363,8,20423.300000000003,5,2,1,521,一般客户
1148,-346,10,41488.75000000001,3,3,3,333,忠实客户
1149,-344,5,8853.79,3,1,1,311,一般客户
1150,-347,9,31453.100000000002,3,2,2,322,一般客户
1151,-305,10,55365.799999999996,1,3,5,135,流失风险客户
1152,-323,9,48289.61,2,2,4,224,一般客户
1153,-348,11,40980.53,3,3,3,333,忠实客户
1154,-364,10,45040.05,5,3,4,534,潜力客户
1155,-337,14,57200.55999999999,2,5,5,255,流失风险客户
1156,-347,12,37596.52,3,4,3,343,忠实客户
1157,-270,11,30212.58,1,3,2,132,流失风险客户
1158,-364,12,48026.95,5,4,4,544,冠军客户
1159,-361,12,55038.60999999999,5,4,5,545,冠军客户
1160,-363,6,19118.71,5,1,1,511,一般客户
1161,-361,9,23150.87,5,2,1,521,一般客户
1162,-364,18,68648.82999999999,5,5,5,555,冠军客户
1163,-320,8,39364.630000000005,2,2,3,223,一般客户
1164,-338,2,2788.14,3,1,1,311,一般客户
1165,-356,7,13349.39,4,1,1,411,一般客户
1166,-348,9,34276.049999999996,3,2,2,322,一般客户
1167,-311,9,47929.520000000004,1,2,4,124,一般客户
1168,-296,14,40840.200000000004,1,5,3,153,流失风险客户
1169,-363,9,41161.8,5,2,3,523,一般客户
1170,-358,13,66866.78,4,5,5,455,冠军客户
1171,-322,6,23758.55,2,1,1,211,一般客户
1172,-322,7,33383.38,2,1,2,212,一般客户
1173,-331,8,37430.28,2,2,3,223,一般客户
1174,-303,10,27993.399999999994,1,3,2,132,流失风险客户
1175,-276,10,33699.979999999996,1,3,2,132,流失风险客户
1176,-366,7,25684.43,5,1,1,511,一般客户
1177,-343,4,17111.379999999997,3,1,1,311,一般客户
1178,-359,7,32256.25,4,1,2,412,一般客户
1179,-349,7,29899.82,3,1,2,312,一般客户
1180,-337,12,40592.98,2,4,3,243,流失风险客户
1181,-358,11,57696.69,4,3,5,435,潜力客户
1182,-362,7,23773.370000000003,5,1,1,511,一般客户
1183,-350,15,58851.84999999999,4,5,5,455,冠军客户
1184,-362,10,39405.1,5,3,3,533,潜力客户
1185,-300,11,40162.350000000006,1,3,3,133,流失风险客户
1186,-353,7,30956.609999999997,4,1,2,412,一般客户
1187,-336,5,15360.54,2,1,1,211,一般客户
1188,-316,16,62233.67,2,5,5,255,流失风险客户
1189,-339,11,46708.8,3,3,4,334,忠实客户
1190,-350,10,52319.52,4,3,4,434,潜力客户
1191,-361,10,41811.61,5,3,3,533,潜力客户
1192,-354,12,41254.19,4,4,3,443,潜力客户
1193,-343,10,29273.18,3,3,2,332,忠实客户
1194,-305,12,65119.18,1,4,5,145,流失风险客户
1195,-356,8,28248.34,4,2,2,422,一般客户
1196,-342,5,14727.619999999999,3,1,1,311,一般客户
1197,-356,15,70603.06999999999,4,5,5,455,冠军客户
1198,-344,13,47188.97,3,5,4,354,忠实客户
1199,-360,7,28254.559999999998,5,1,2,512,一般客户
1200,-349,6,51031.020000000004,3,1,4,314,一般客户
1201,-363,8,62361.38,5,2,5,525,一般客户
1202,-350,11,38470.09,4,3,3,433,潜力客户
1203,-351,10,40808.52999999999,4,3,3,433,潜力客户
1204,-357,11,53241.91,4,3,4,434,潜力客户
1205,-339,10,39853.97,3,3,3,333,忠实客户
1206,-350,13,49447.17,4,5,4,454,冠军客户
1207,-282,4,15328.33,1,1,1,111,一般客户
1208,-353,9,35896.18,4,2,3,423,一般客户
1209,-360,10,46346.36,5,3,4,534,潜力客户
1210,-344,3,7114.49,3,1,1,311,一般客户
1211,-265,7,28264.47,1,1,2,112,一般客户
1212,-304,8,31809.89,1,2,2,122,一般客户
1213,-329,15,81151.05,2,5,5,255,流失风险客户
1214,-343,12,23971.079999999994,3,4,1,341,忠实客户
1215,-293,9,36616.00000000001,1,2,3,123,一般客户
1216,-314,11,54927.37,2,3,4,234,流失风险客户
1217,-322,12,54219.6,2,4,4,244,流失风险客户
1218,-366,12,59209.47,5,4,5,545,冠军客户
1219,-335,9,28289.35,2,2,2,222,一般客户
1220,-361,13,59955.509999999995,5,5,5,555,冠军客户
1221,-354,8,42987.95,4,2,4,424,一般客户
1222,-364,10,57591.72000000001,5,3,5,535,潜力客户
1223,-339,5,25392.61,3,1,1,311,一般客户
1224,-350,9,43908.26,4,2,4,424,一般客户
1225,-339,11,36339.39,3,3,3,333,忠实客户
1226,-325,8,27911.53,2,2,2,222,一般客户
1227,-350,9,35379.89000000001,4,2,3,423,一般客户
1228,-327,12,48069.00000000001,2,4,4,244,流失风险客户
1229,-287,12,36240.65,1,4,3,143,流失风险客户
1230,-366,10,68354.56,5,3,5,535,潜力客户
1231,-348,12,50275.16999999999,3,4,4,344,忠实客户
1232,-299,9,27718.890000000003,1,2,2,122,一般客户
1233,-317,7,19530.929999999997,2,1,1,211,一般客户
1234,-310,6,24738.420000000002,1,1,1,111,一般客户
1235,-352,9,52610.38999999999,4,2,4,424,一般客户
1236,-240,10,36641.57,1,3,3,133,流失风险客户
1237,-329,13,89243.60000000002,2,5,5,255,流失风险客户
1238,-345,13,77746.4,3,5,5,355,忠实客户
1239,-238,6,15129.86,1,1,1,111,一般客户
1240,-293,10,34413.92,1,3,2,132,流失风险客户
1241,-366,10,47022.33,5,3,4,534,潜力客户
1242,-308,8,49652.03999999999,1,2,4,124,一般客户
1243,-293,6,36589.0,1,1,3,113,一般客户
1244,-357,12,48459.03,4,4,4,444,冠军客户
1245,-359,7,22822.62,4,1,1,411,一般客户
1246,-319,6,51942.869999999995,2,1,4,214,一般客户
1247,-366,11,48132.83,5,3,4,534,潜力客户
1248,-365,15,62025.92,5,5,5,555,冠军客户
1249,-345,16,76112.7,3,5,5,355,忠实客户
1250,-328,4,20436.159999999996,2,1,1,211,一般客户
1251,-354,16,76169.91,4,5,5,455,冠军客户
1252,-260,9,46113.07,1,2,4,124,一般客户
1253,-355,8,31343.640000000003,4,2,2,422,一般客户
1254,-351,10,43008.07,4,3,4,434,潜力客户
1255,-356,5,24189.2,4,1,1,411,一般客户
1256,-360,3,5619.08,5,1,1,511,一般客户
1257,-363,11,27929.999999999996,5,3,2,532,潜力客户
1258,-312,6,27191.45,2,1,2,212,一般客户
1259,-342,18,49073.6,3,5,4,354,忠实客户
1260,-347,7,38185.63,3,1,3,313,一般客户
1261,-359,13,51425.229999999996,4,5,4,454,冠军客户
1262,-274,7,25949.2,1,1,1,111,一般客户
1263,-349,13,53281.130000000005,3,5,4,354,忠实客户
1264,-344,5,12880.57,3,1,1,311,一般客户
1265,-362,17,71324.48,5,5,5,555,冠军客户
1266,-321,10,42251.68000000001,2,3,3,233,流失风险客户
1267,-76,3,12249.66,1,1,1,111,一般客户
1268,-363,7,25009.239999999998,5,1,1,511,一般客户
1269,-361,14,53448.30000000001,5,5,4,554,冠军客户
1270,-342,12,30901.48,3,4,2,342,忠实客户
1271,-338,9,24429.660000000003,3,2,1,321,一般客户
1272,-341,15,83119.56999999999,3,5,5,355,忠实客户
1273,-360,11,44320.65,5,3,4,534,潜力客户
1274,-360,6,10036.02,5,1,1,511,一般客户
1275,-356,9,33915.08,4,2,2,422,一般客户
1276,-354,9,43829.77,4,2,4,424,一般客户
1277,-307,11,32411.04,1,3,2,132,流失风险客户
1278,-163,4,9252.810000000001,1,1,1,111,一般客户
1279,-302,6,32998.15,1,1,2,112,一般客户
1280,-362,10,51841.57,5,3,4,534,潜力客户
1281,-359,17,63739.549999999996,4,5,5,455,冠军客户
1282,-364,14,55650.78,5,5,5,555,冠军客户
1283,-277,6,12881.36,1,1,1,111,一般客户
1284,-335,11,33359.32,2,3,2,232,流失风险客户
1285,-326,11,56262.340000000004,2,3,5,235,流失风险客户
1286,-319,10,30644.270000000004,2,3,2,232,流失风险客户
1287,-350,12,49206.64,4,4,4,444,冠军客户
1288,-316,8,29017.59,2,2,2,222,一般客户
1289,-357,9,31910.34,4,2,2,422,一般客户
1290,-359,18,61431.34,4,5,5,455,冠军客户
1291,-365,7,26985.56,5,1,2,512,一般客户
1292,-330,16,69797.13,2,5,5,255,流失风险客户
1293,-365,12,49801.189999999995,5,4,4,544,冠军客户
1294,-346,12,30181.52,3,4,2,342,忠实客户
1295,-317,7,31734.07,2,1,2,212,一般客户
1296,-338,5,21166.859999999997,3,1,1,311,一般客户
1297,-314,12,76411.65000000001,2,4,5,245,流失风险客户
1298,-277,4,30466.95,1,1,2,112,一般客户
1299,-357,11,43689.189999999995,4,3,4,434,潜力客户
1300,-349,8,27571.429999999997,3,2,2,322,一般客户
1301,-364,19,112258.53000000003,5,5,5,555,冠军客户
1302,-319,8,23377.089999999997,2,2,1,221,一般客户
1303,-363,9,46484.62,5,2,4,524,一般客户
1304,-346,9,42260.08,3,2,3,323,一般客户
1305,-353,8,42650.27,4,2,3,423,一般客户
1306,-199,8,29152.109999999993,1,2,2,122,一般客户
1307,-351,14,57035.39,4,5,5,455,冠军客户
1308,-364,9,51539.75,5,2,4,524,一般客户
1309,-343,14,50486.73000000001,3,5,4,354,忠实客户
1310,-357,12,51098.8,4,4,4,444,冠军客户
1311,-349,10,22456.2,3,3,1,331,忠实客户
1312,-359,10,64807.520000000004,4,3,5,435,潜力客户
1313,-347,10,61245.28999999999,3,3,5,335,忠实客户
1314,-359,11,49296.17999999999,4,3,4,434,潜力客户
1315,-359,8,13626.67,4,2,1,421,一般客户
1316,-341,11,60344.560000000005,3,3,5,335,忠实客户
1317,-310,12,47676.22,1,4,4,144,流失风险客户
1318,-282,11,45399.17999999999,1,3,4,134,流失风险客户
1319,-352,7,29088.72,4,1,2,412,一般客户
1320,-341,8,22341.030000000002,3,2,1,321,一般客户
1321,-366,14,32287.010000000006,5,5,2,552,潜力客户
1322,-339,7,19539.05,3,1,1,311,一般客户
1323,-338,6,28043.97,3,1,2,312,一般客户
1324,-266,4,22055.969999999998,1,1,1,111,一般客户
1325,-351,12,42955.340000000004,4,4,3,443,潜力客户
1326,-339,7,27264.689999999995,3,1,2,312,一般客户
1327,-335,11,69819.34999999999,2,3,5,235,流失风险客户
1328,-331,10,38480.27,2,3,3,233,流失风险客户
1329,-322,9,54733.200000000004,2,2,4,224,一般客户
1330,-340,9,32707.18,3,2,2,322,一般客户
1331,-281,6,32888.29,1,1,2,112,一般客户
1332,-344,11,46194.72,3,3,4,334,忠实客户
1333,-314,13,44955.08000000001,2,5,4,254,流失风险客户
1334,-363,15,62686.06000000001,5,5,5,555,冠军客户
1335,-343,10,32434.05,3,3,2,332,忠实客户
1336,-356,9,46843.659999999996,4,2,4,424,一般客户
1337,-330,11,42242.97,2,3,3,233,流失风险客户
1338,-308,12,61485.03,1,4,5,145,流失风险客户
1339,-366,7,29637.8,5,1,2,512,一般客户
1340,-366,14,68311.62999999999,5,5,5,555,冠军客户
1341,-342,14,44710.409999999996,3,5,4,354,忠实客户
1342,-323,7,28357.74,2,1,2,212,一般客户
1343,-306,14,40940.21,1,5,3,153,流失风险客户
1344,-328,8,35081.270000000004,2,2,3,223,一般客户
1345,-303,10,70973.34000000001,1,3,5,135,流失风险客户
1346,-354,11,34758.37,4,3,2,432,潜力客户
1347,-357,7,24981.87,4,1,1,411,一般客户
1348,-349,9,37285.65,3,2,3,323,一般客户
1349,-319,11,59891.619999999995,2,3,5,235,流失风险客户
1350,-338,12,47267.240000000005,3,4,4,344,忠实客户
1351,-350,9,45140.98,4,2,4,424,一般客户
1352,-353,5,14695.43,4,1,1,411,一般客户
1353,-356,12,60650.94,4,4,5,445,冠军客户
1354,-365,15,55470.11,5,5,5,555,冠军客户
1355,-365,15,58330.78,5,5,5,555,冠军客户
1356,-360,11,21470.45,5,3,1,531,潜力客户
1357,-204,11,77127.53000000001,1,3,5,135,流失风险客户
1358,-269,13,41982.77,1,5,3,153,流失风险客户
1359,-261,8,28863.689999999995,1,2,2,122,一般客户
1360,-365,9,28423.15,5,2,2,522,一般客户
1361,-262,7,23596.920000000002,1,1,1,111,一般客户
1362,-364,8,34974.22,5,2,3,523,一般客户
1363,-335,6,20726.050000000003,2,1,1,211,一般客户
1364,-329,12,36202.91999999999,2,4,3,243,流失风险客户
1365,-341,4,30964.71,3,1,2,312,一般客户
1366,-341,17,68146.48,3,5,5,355,忠实客户
1367,-226,5,39745.82,1,1,3,113,一般客户
1368,-357,10,53542.02,4,3,4,434,潜力客户
1369,-358,10,50327.719999999994,4,3,4,434,潜力客户
1370,-338,11,53725.38,3,3,4,334,忠实客户
1371,-362,15,61997.99999999999,5,5,5,555,冠军客户
1372,-345,13,31943.22,3,5,2,352,忠实客户
1373,-345,10,38741.28,3,3,3,333,忠实客户
1374,-327,14,72186.63999999998,2,5,5,255,流失风险客户
1375,-352,6,22348.73,4,1,1,411,一般客户
1376,-366,12,58474.31999999999,5,4,5,545,冠军客户
1377,-343,8,54582.520000000004,3,2,4,324,一般客户
1378,-366,8,29247.68,5,2,2,522,一般客户
1379,-358,11,47713.520000000004,4,3,4,434,潜力客户
1380,-364,10,37518.17,5,3,3,533,潜力客户
1381,-341,10,28446.660000000007,3,3,2,332,忠实客户
1382,-354,7,22890.520000000004,4,1,1,411,一般客户
1383,-355,7,24518.19,4,1,1,411,一般客户
1384,-358,11,52977.97000000001,4,3,4,434,潜力客户
1385,-170,6,35918.96,1,1,3,113,一般客户
1386,-288,14,59148.14999999998,1,5,5,155,流失风险客户
1387,-311,8,24361.82,1,2,1,121,一般客户
1388,-336,8,46776.99,2,2,4,224,一般客户
1389,-335,9,31515.050000000003,2,2,2,222,一般客户
1390,-349,13,31745.440000000002,3,5,2,352,忠实客户
1391,-366,11,55620.630000000005,5,3,5,535,潜力客户
1392,-339,12,59018.49999999999,3,4,5,345,忠实客户
1393,-336,9,26243.989999999998,2,2,2,222,一般客户
1394,-320,9,19425.53,2,2,1,221,一般客户
1395,-345,7,20284.46,3,1,1,311,一般客户
1396,-355,13,62737.649999999994,4,5,5,455,冠军客户
1397,-346,15,76457.28,3,5,5,355,忠实客户
1398,-351,11,61938.64,4,3,5,435,潜力客户
1399,-342,15,58376.79,3,5,5,355,忠实客户
1400,-325,8,19954.18,2,2,1,221,一般客户
1401,-350,11,40678.39,4,3,3,433,潜力客户
1402,-300,11,18931.520000000004,1,3,1,131,流失风险客户
1403,-323,11,52242.37,2,3,4,234,流失风险客户
1404,-274,9,50239.899999999994,1,2,4,124,一般客户
1405,-364,15,64678.69,5,5,5,555,冠军客户
1406,-293,10,80175.75,1,3,5,135,流失风险客户
1407,-300,5,27769.879999999997,1,1,2,112,一般客户
1408,-318,7,35652.13,2,1,3,213,一般客户
1409,-355,10,45324.1,4,3,4,434,潜力客户
1410,-350,9,40370.11,4,2,3,423,一般客户
1411,-350,7,26855.310000000005,4,1,2,412,一般客户
1412,-259,8,23963.04,1,2,1,121,一般客户
1413,-315,11,27938.589999999997,2,3,2,232,流失风险客户
1414,-354,5,12446.09,4,1,1,411,一般客户
1415,-255,12,29904.590000000004,1,4,2,142,流失风险客户
1416,-362,17,61645.71,5,5,5,555,冠军客户
1417,-338,12,49212.6,3,4,4,344,忠实客户
1418,-354,9,37542.45999999999,4,2,3,423,一般客户
1419,-347,9,41461.18,3,2,3,323,一般客户
1420,-259,8,22818.120000000003,1,2,1,121,一般客户
1421,-317,13,58349.43000000001,2,5,5,255,流失风险客户
1422,-340,6,26176.199999999997,3,1,2,312,一般客户
1423,-235,6,12693.34,1,1,1,111,一般客户
1424,-262,3,6071.71,1,1,1,111,一般客户
1425,-352,10,78117.09,4,3,5,435,潜力客户
1426,-365,8,38391.729999999996,5,2,3,523,一般客户
1427,-354,15,44500.02999999999,4,5,4,454,冠军客户
1428,-319,10,24693.260000000002,2,3,1,231,流失风险客户
1429,-356,4,27432.68,4,1,2,412,一般客户
1430,-363,12,59988.619999999995,5,4,5,545,冠军客户
1431,-254,5,22489.63,1,1,1,111,一般客户
1432,-305,4,12011.09,1,1,1,111,一般客户
1433,-276,7,15530.070000000002,1,1,1,111,一般客户
1434,-346,10,45749.31,3,3,4,334,忠实客户
1435,-319,10,45940.630000000005,2,3,4,234,流失风险客户
1436,-364,16,62714.23999999999,5,5,5,555,冠军客户
1437,-362,16,66461.48999999999,5,5,5,555,冠军客户
1438,-361,19,59237.909999999996,5,5,5,555,冠军客户
1439,-339,9,43652.01000000001,3,2,4,324,一般客户
1440,-366,16,71373.48000000001,5,5,5,555,冠军客户
1441,-354,8,26798.69,4,2,2,422,一般客户
1442,-359,14,76223.87000000001,4,5,5,455,冠军客户
1443,-265,10,34477.68,1,3,2,132,流失风险客户
1444,-330,10,43536.82,2,3,4,234,流失风险客户
1445,-365,7,27778.439999999995,5,1,2,512,一般客户
1446,-357,10,43054.2,4,3,4,434,潜力客户
1447,-353,15,36655.88000000001,4,5,3,453,潜力客户
1448,-345,6,16953.38,3,1,1,311,一般客户
1449,-347,10,37318.48,3,3,3,333,忠实客户
1450,-350,11,66506.21,4,3,5,435,潜力客户
1451,-364,13,42487.92999999999,5,5,3,553,潜力客户
1452,-350,14,53835.01999999999,4,5,4,454,冠军客户
1453,-337,9,45792.41,2,2,4,224,一般客户
1454,-266,8,38865.530000000006,1,2,3,123,一般客户
1455,-353,9,34448.15,4,2,2,422,一般客户
1456,-333,6,27739.65,2,1,2,212,一般客户
1457,-349,11,37737.69,3,3,3,333,忠实客户
1458,-312,8,32837.21,2,2,2,222,一般客户
1459,-279,13,31328.210000000003,1,5,2,152,流失风险客户
1460,-306,12,52778.909999999996,1,4,4,144,流失风险客户
1461,-304,13,58907.700000000004,1,5,5,155,流失风险客户
1462,-304,11,37320.049999999996,1,3,3,133,流失风险客户
1463,-344,11,57249.649999999994,3,3,5,335,忠实客户
1464,-355,11,36141.83,4,3,3,433,潜力客户
1465,-363,11,37627.520000000004,5,3,3,533,潜力客户
1466,-261,10,22948.45,1,3,1,131,流失风险客户
1467,-357,9,34051.96000000001,4,2,2,422,一般客户
1468,-313,13,54996.73,2,5,5,255,流失风险客户
1469,-344,9,15518.79,3,2,1,321,一般客户
1470,-362,10,53538.91,5,3,4,534,潜力客户
1471,-297,11,29456.239999999994,1,3,2,132,流失风险客户
1472,-361,9,52145.38,5,2,4,524,一般客户
1473,-359,13,33875.229999999996,4,5,2,452,潜力客户
1474,-327,11,35693.869999999995,2,3,3,233,流失风险客户
1475,-301,16,46322.32000000001,1,5,4,154,流失风险客户
1476,-314,9,30627.67,2,2,2,222,一般客户
1477,-288,10,32909.36,1,3,2,132,流失风险客户
1478,-241,8,23795.84,1,2,1,121,一般客户
1479,-359,8,20491.54,4,2,1,421,一般客户
1480,-355,13,43203.89,4,5,4,454,冠军客户
1481,-364,6,18036.33,5,1,1,511,一般客户
1482,-341,13,35437.159999999996,3,5,3,353,忠实客户
1483,-309,4,17214.050000000003,1,1,1,111,一般客户
1484,-230,8,40329.41,1,2,3,123,一般客户
1485,-330,7,53870.1,2,1,4,214,一般客户
1486,-364,16,65335.740000000005,5,5,5,555,冠军客户
1487,-362,18,95913.48,5,5,5,555,冠军客户
1488,-298,7,59389.189999999995,1,1,5,115,一般客户
1489,-357,15,77406.99,4,5,5,455,冠军客户
1490,-352,11,35286.00000000001,4,3,3,433,潜力客户
1491,-348,7,21210.14,3,1,1,311,一般客户
1492,-342,12,42202.07000000001,3,4,3,343,忠实客户
1493,-365,14,63397.719999999994,5,5,5,555,冠军客户
1494,-363,10,42511.69,5,3,3,533,潜力客户
1495,-364,11,39309.25000000001,5,3,3,533,潜力客户
1496,-354,17,53994.58,4,5,4,454,冠军客户
1497,-356,8,36673.78,4,2,3,423,一般客户
1498,-345,13,27333.0,3,5,2,352,忠实客户
1499,-271,8,21397.0,1,2,1,121,一般客户
1500,-359,8,22240.690000000002,4,2,1,421,一般客户
1501,-339,7,28625.600000000002,3,1,2,312,一般客户
1502,-294,7,16833.43,1,1,1,111,一般客户
1503,-359,8,30995.070000000003,4,2,2,422,一般客户
1504,-328,7,25957.29,2,1,1,211,一般客户
1505,-317,12,62495.80999999999,2,4,5,245,流失风险客户
1506,-348,5,8983.59,3,1,1,311,一般客户
1507,-326,17,68836.38999999998,2,5,5,255,流失风险客户
1508,-362,13,41544.66,5,5,3,553,潜力客户
1509,-321,9,33294.76,2,2,2,222,一般客户
1510,-322,12,38213.37,2,4,3,243,流失风险客户
1511,-344,9,52108.65000000001,3,2,4,324,一般客户
1512,-362,10,36217.58,5,3,3,533,潜力客户
1513,-342,8,45811.35,3,2,4,324,一般客户
1514,-328,7,43897.009999999995,2,1,4,214,一般客户
1515,-345,8,41752.74,3,2,3,323,一般客户
1516,-353,15,68953.35,4,5,5,455,冠军客户
1517,-335,14,53415.76,2,5,4,254,流失风险客户
1518,-351,12,70767.98999999999,4,4,5,445,冠军客户
1519,-309,9,45899.72000000001,1,2,4,124,一般客户
1520,-311,8,27077.139999999996,1,2,2,122,一般客户
1521,-362,10,20899.69,5,3,1,531,潜力客户
1522,-275,10,32632.55,1,3,2,132,流失风险客户
1523,-359,15,53620.03,4,5,4,454,冠军客户
1524,-360,12,29844.429999999997,5,4,2,542,潜力客户
1525,-353,5,37487.15,4,1,3,413,一般客户
1526,-364,11,56310.61,5,3,5,535,潜力客户
1527,-322,16,84146.99000000003,2,5,5,255,流失风险客户
1528,-248,11,28034.499999999996,1,3,2,132,流失风险客户
1529,-336,11,40810.21,2,3,3,233,流失风险客户
1530,-209,9,43115.56,1,2,4,124,一般客户
1531,-361,4,7026.780000000001,5,1,1,511,一般客户
1532,-160,2,13546.55,1,1,1,111,一般客户
1533,-362,8,35268.94,5,2,3,523,一般客户
1534,-336,5,14602.789999999999,2,1,1,211,一般客户
1535,-350,6,17316.390000000003,4,1,1,411,一般客户
1536,-332,14,79551.99,2,5,5,255,流失风险客户
1537,-357,10,24234.46,4,3,1,431,潜力客户
1538,-366,11,44985.07000000001,5,3,4,534,潜力客户
1539,-364,17,92389.13999999998,5,5,5,555,冠军客户
1540,-260,6,21286.039999999997,1,1,1,111,一般客户
1541,-354,11,48918.6,4,3,4,434,潜力客户
1542,-342,13,38864.54,3,5,3,353,忠实客户
1543,-360,12,61096.86,5,4,5,545,冠军客户
1544,-365,13,59803.6,5,5,5,555,冠军客户
1545,-364,10,33043.92,5,3,2,532,潜力客户
1546,-352,13,48167.04,4,5,4,454,冠军客户
1547,-362,11,35181.29,5,3,3,533,潜力客户
1548,-330,12,57196.56000000001,2,4,5,245,流失风险客户
1549,-285,8,32796.34999999999,1,2,2,122,一般客户
1550,-299,14,42839.08,1,5,3,153,流失风险客户
1551,-334,10,25962.98,2,3,1,231,流失风险客户
1552,-364,13,43514.76,5,5,4,554,冠军客户
1553,-279,9,50961.72,1,2,4,124,一般客户
1554,-353,11,77670.06999999999,4,3,5,435,潜力客户
1555,-338,14,65185.67,3,5,5,355,忠实客户
1556,-365,18,49419.35999999999,5,5,4,554,冠军客户
1557,-356,11,35284.420000000006,4,3,3,433,潜力客户
1558,-362,12,61104.670000000006,5,4,5,545,冠军客户
1559,-269,11,25336.97,1,3,1,131,流失风险客户
1560,-274,11,38191.71,1,3,3,133,流失风险客户
1561,-321,10,34168.74,2,3,2,232,流失风险客户
1562,-283,9,38779.71,1,2,3,123,一般客户
1563,-345,9,37786.95,3,2,3,323,一般客户
1564,-364,9,33378.39,5,2,2,522,一般客户
1565,-321,12,42473.83,2,4,3,243,流失风险客户
1566,-364,7,15749.36,5,1,1,511,一般客户
1567,-363,11,45899.82000000001,5,3,4,534,潜力客户
1568,-354,14,67776.57,4,5,5,455,冠军客户
1569,-301,8,36096.57000000001,1,2,3,123,一般客户
1570,-351,10,35723.7,4,3,3,433,潜力客户
1571,-326,8,36435.719999999994,2,2,3,223,一般客户
1572,-360,12,48302.87,5,4,4,544,冠军客户
1573,-343,15,56693.56,3,5,5,355,忠实客户
1574,-304,7,27529.739999999998,1,1,2,112,一般客户
1575,-343,13,39705.84,3,5,3,353,忠实客户
1576,-359,12,86052.1,4,4,5,445,冠军客户
1577,-366,12,43798.049999999996,5,4,4,544,冠军客户
1578,-342,15,32441.71,3,5,2,352,忠实客户
1579,-331,13,36906.69,2,5,3,253,流失风险客户
1580,-301,11,53051.53,1,3,4,134,流失风险客户
1581,-324,9,44806.69,2,2,4,224,一般客户
1582,-365,10,33500.51,5,3,2,532,潜力客户
1583,-272,7,45266.14,1,1,4,114,一般客户
1584,-316,12,42491.1,2,4,3,243,流失风险客户
1585,-293,9,25430.140000000003,1,2,1,121,一般客户
1586,-282,8,32847.950000000004,1,2,2,122,一般客户
1587,-362,14,58950.18,5,5,5,555,冠军客户
1588,-321,10,45218.35,2,3,4,234,流失风险客户
1589,-341,12,69958.43,3,4,5,345,忠实客户
1590,-291,7,40839.229999999996,1,1,3,113,一般客户
1591,-366,8,35115.549999999996,5,2,3,523,一般客户
1592,-330,9,35908.520000000004,2,2,3,223,一般客户
1593,-330,11,66131.51,2,3,5,235,流失风险客户
1594,-360,11,54135.689999999995,5,3,4,534,潜力客户
1595,-284,12,69192.94,1,4,5,145,流失风险客户
1596,-361,11,37760.49,5,3,3,533,潜力客户
1597,-290,8,24312.27,1,2,1,121,一般客户
1598,-353,13,94377.77,4,5,5,455,冠军客户
1599,-323,7,36183.009999999995,2,1,3,213,一般客户
1600,-354,9,27364.339999999997,4,2,2,422,一般客户
1601,-307,11,55754.26,1,3,5,135,流失风险客户
1602,-340,8,34042.71,3,2,2,322,一般客户
1603,-337,12,47854.80000000001,2,4,4,244,流失风险客户
1604,-327,9,33215.89,2,2,2,222,一般客户
1605,-297,6,24882.41,1,1,1,111,一般客户
1606,-351,9,40218.41,4,2,3,423,一般客户
1607,-358,10,34267.72,4,3,2,432,潜力客户
1608,-354,9,41890.77,4,2,3,423,一般客户
1609,-354,8,26859.0,4,2,2,422,一般客户
1610,-333,7,21055.93,2,1,1,211,一般客户
1611,-360,2,9543.64,5,1,1,511,一般客户
1612,-263,7,24441.0,1,1,1,111,一般客户
1613,-357,11,42114.26,4,3,3,433,潜力客户
1614,-356,12,47697.350000000006,4,4,4,444,冠军客户
1615,-355,16,51254.58999999999,4,5,4,454,冠军客户
1616,-310,7,14182.110000000002,1,1,1,111,一般客户
1617,-319,7,23458.18,2,1,1,211,一般客户
1618,-361,9,35778.7,5,2,3,523,一般客户
1619,-358,9,75504.68,4,2,5,425,一般客户
1620,-328,9,55607.719999999994,2,2,5,225,一般客户
1621,-357,8,37035.58000000001,4,2,3,423,一般客户
1622,-350,7,26073.270000000004,4,1,1,411,一般客户
1623,-317,12,69618.87,2,4,5,245,流失风险客户
1624,-334,8,35261.39,2,2,3,223,一般客户
1625,-357,8,21072.46,4,2,1,421,一般客户
1626,-335,8,27504.04,2,2,2,222,一般客户
1627,-325,15,30390.899999999998,2,5,2,252,流失风险客户
1628,-307,8,34983.88,1,2,3,123,一般客户
1629,-345,5,15002.51,3,1,1,311,一般客户
1630,-325,9,33337.49,2,2,2,222,一般客户
1631,-364,19,84736.85,5,5,5,555,冠军客户
1632,-302,5,23594.37,1,1,1,111,一般客户
1633,-349,12,56956.8,3,4,5,345,忠实客户
1634,-289,15,86319.65000000001,1,5,5,155,流失风险客户
1635,-340,14,53559.46000000001,3,5,4,354,忠实客户
1636,-264,4,11328.679999999998,1,1,1,111,一般客户
1637,-356,5,18864.559999999998,4,1,1,411,一般客户
1638,-341,11,29342.160000000003,3,3,2,332,忠实客户
1639,-239,5,18346.59,1,1,1,111,一般客户
1640,-357,10,43523.2,4,3,4,434,潜力客户
1641,-335,7,30394.980000000003,2,1,2,212,一般客户
1642,-340,7,30891.56,3,1,2,312,一般客户
1643,-360,7,33652.3,5,1,2,512,一般客户
1644,-331,6,8619.81,2,1,1,211,一般客户
1645,-328,8,64930.78,2,2,5,225,一般客户
1646,-344,10,45000.3,3,3,4,334,忠实客户
1647,-363,11,38601.58999999999,5,3,3,533,潜力客户
1648,-353,6,15414.970000000001,4,1,1,411,一般客户
1649,-326,11,50564.81,2,3,4,234,流失风险客户
1650,-324,9,35240.71,2,2,3,223,一般客户
1651,-355,14,49691.69000000001,4,5,4,454,冠军客户
1652,-288,7,15758.56,1,1,1,111,一般客户
1653,-357,8,42019.619999999995,4,2,3,423,一般客户
1654,-360,4,25815.61,5,1,1,511,一般客户
1655,-302,11,54172.17,1,3,4,134,流失风险客户
1656,-351,14,84542.17999999998,4,5,5,455,冠军客户
1657,-356,10,49007.92999999999,4,3,4,434,潜力客户
1658,-356,9,38158.310000000005,4,2,3,423,一般客户
1659,-352,8,27971.89,4,2,2,422,一般客户
1660,-310,7,35652.55,1,1,3,113,一般客户
1661,-332,8,17411.670000000002,2,2,1,221,一般客户
1662,-330,11,34960.01000000001,2,3,3,233,流失风险客户
1663,-325,14,84168.04999999999,2,5,5,255,流失风险客户
1664,-119,6,14105.65,1,1,1,111,一般客户
1665,-339,15,76128.57,3,5,5,355,忠实客户
1666,-277,10,50184.63,1,3,4,134,流失风险客户
1667,-356,9,35251.89,4,2,3,423,一般客户
1668,-357,13,57160.11,4,5,5,455,冠军客户
1669,-343,7,29085.049999999996,3,1,2,312,一般客户
1670,-363,6,22615.59,5,1,1,511,一般客户
1671,-339,9,28907.33,3,2,2,322,一般客户
1672,-299,8,55142.84999999999,1,2,5,125,一般客户
1673,-364,6,31920.289999999997,5,1,2,512,一般客户
1674,-366,8,27157.49,5,2,2,522,一般客户
1675,-356,11,50829.549999999996,4,3,4,434,潜力客户
1676,-356,16,38942.93,4,5,3,453,潜力客户
1677,-333,12,51796.340000000004,2,4,4,244,流失风险客户
1678,-314,10,58333.44,2,3,5,235,流失风险客户
1679,-349,11,53059.2,3,3,4,334,忠实客户
1680,-365,10,32307.63,5,3,2,532,潜力客户
1681,-349,11,26279.24,3,3,2,332,忠实客户
1682,-353,9,31515.55,4,2,2,422,一般客户
1683,-296,10,53915.409999999996,1,3,4,134,流失风险客户
1684,-351,8,31608.460000000006,4,2,2,422,一般客户
1685,-362,7,35589.81,5,1,3,513,一般客户
1686,-332,5,16647.9,2,1,1,211,一般客户
1687,-351,8,51491.14000000001,4,2,4,424,一般客户
1688,-297,8,33962.86,1,2,2,122,一般客户
1689,-362,13,48003.43,5,5,4,554,冠军客户
1690,-357,10,31970.57,4,3,2,432,潜力客户
1691,-349,8,27428.66,3,2,2,322,一般客户
1692,-343,8,18529.070000000003,3,2,1,321,一般客户
1693,-310,10,32119.800000000003,1,3,2,132,流失风险客户
1694,-362,13,66503.55,5,5,5,555,冠军客户
1695,-361,12,47074.34,5,4,4,544,冠军客户
1696,-357,11,54647.81,4,3,4,434,潜力客户
1697,-360,11,39306.66,5,3,3,533,潜力客户
1698,-297,13,49995.81999999999,1,5,4,154,流失风险客户
1699,-286,15,43710.490000000005,1,5,4,154,流失风险客户
1700,-352,11,45111.77999999999,4,3,4,434,潜力客户
1701,-343,12,53133.74,3,4,4,344,忠实客户
1702,-366,9,42484.69,5,2,3,523,一般客户
1703,-342,12,32796.490000000005,3,4,2,342,忠实客户
1704,-350,12,31698.4,4,4,2,442,潜力客户
1705,-300,6,25048.64,1,1,1,111,一般客户
1706,-360,7,27005.44,5,1,2,512,一般客户
1707,-350,8,31560.41,4,2,2,422,一般客户
1708,-334,10,23981.559999999998,2,3,1,231,流失风险客户
1709,-365,15,54120.77,5,5,4,554,冠军客户
1710,-258,7,14279.32,1,1,1,111,一般客户
1711,-320,14,64301.43,2,5,5,255,流失风险客户
1712,-353,8,23430.719999999998,4,2,1,421,一般客户
1713,-210,3,10584.48,1,1,1,111,一般客户
1714,-364,10,24288.269999999997,5,3,1,531,潜力客户
1715,-262,10,50414.38,1,3,4,134,流失风险客户
1716,-356,9,43539.450000000004,4,2,4,424,一般客户
1717,-363,10,32478.32,5,3,2,532,潜力客户
1718,-360,9,25448.97,5,2,1,521,一般客户
1719,-342,7,24388.879999999997,3,1,1,311,一般客户
1720,-352,10,18085.42,4,3,1,431,潜力客户
1721,-290,5,21206.3,1,1,1,111,一般客户
1722,-336,11,34872.05,2,3,2,232,流失风险客户
1723,-308,12,22504.889999999996,1,4,1,141,流失风险客户
1724,-362,9,40692.48,5,2,3,523,一般客户
1725,-313,9,31974.74,2,2,2,222,一般客户
1726,-361,6,22181.29,5,1,1,511,一般客户
1727,-325,12,30388.879999999997,2,4,2,242,流失风险客户
1728,-356,11,45927.26,4,3,4,434,潜力客户
1729,-320,7,41493.26,2,1,3,213,一般客户
1730,-366,12,47087.39,5,4,4,544,冠军客户
1731,-328,7,24490.01,2,1,1,211,一般客户
1732,-360,13,62713.44,5,5,5,555,冠军客户
1733,-363,13,40607.950000000004,5,5,3,553,潜力客户
1734,-341,8,34953.060000000005,3,2,3,323,一般客户
1735,-246,8,21221.37,1,2,1,121,一般客户
1736,-361,8,70422.84,5,2,5,525,一般客户
1737,-318,9,54697.899999999994,2,2,4,224,一般客户
1738,-363,7,29850.739999999998,5,1,2,512,一般客户
1739,-287,10,47182.840000000004,1,3,4,134,流失风险客户
1740,-363,4,8981.07,5,1,1,511,一般客户
1741,-345,12,33990.49,3,4,2,342,忠实客户
1742,-366,10,37687.55,5,3,3,533,潜力客户
1743,-360,9,54458.56,5,2,4,524,一般客户
1744,-346,9,40899.100000000006,3,2,3,323,一般客户
1745,-320,8,26807.59,2,2,2,222,一般客户
1746,-357,16,78295.09,4,5,5,455,冠军客户
1747,-323,6,19147.39,2,1,1,211,一般客户
1748,-365,9,20434.600000000002,5,2,1,521,一般客户
1749,-342,15,61989.340000000004,3,5,5,355,忠实客户
1750,-358,7,25630.48,4,1,1,411,一般客户
1751,-229,9,24708.140000000003,1,2,1,121,一般客户
1752,-364,6,31262.38,5,1,2,512,一般客户
1753,-366,9,36596.29,5,2,3,523,一般客户
1754,-352,8,46641.83,4,2,4,424,一般客户
1755,-329,9,21540.170000000002,2,2,1,221,一般客户
1756,-361,16,51696.54999999999,5,5,4,554,冠军客户
1757,-285,7,40775.68,1,1,3,113,一般客户
1758,-365,8,26805.73,5,2,2,522,一般客户
1759,-359,8,33137.090000000004,4,2,2,422,一般客户
1760,-280,10,41575.72,1,3,3,133,流失风险客户
1761,-363,16,92608.00000000001,5,5,5,555,冠军客户
1762,-352,13,59978.98,4,5,5,455,冠军客户
1763,-352,13,42477.6,4,5,3,453,潜力客户
1764,-349,5,19604.18,3,1,1,311,一般客户
1765,-347,5,10969.07,3,1,1,311,一般客户
1766,-366,14,59238.52,5,5,5,555,冠军客户
1767,-303,8,34003.659999999996,1,2,2,122,一般客户
1768,-349,11,45628.700000000004,3,3,4,334,忠实客户
1769,-291,9,21335.84,1,2,1,121,一般客户
1770,-318,7,20498.07,2,1,1,211,一般客户
1771,-306,9,36724.799999999996,1,2,3,123,一般客户
1772,-329,7,27184.6,2,1,2,212,一般客户
1773,-346,9,37546.630000000005,3,2,3,323,一般客户
1774,-358,8,49115.6,4,2,4,424,一般客户
1775,-364,7,27523.910000000003,5,1,2,512,一般客户
1776,-279,12,35526.63,1,4,3,143,流失风险客户
1777,-360,7,45637.99999999999,5,1,4,514,一般客户
1778,-251,7,40518.350000000006,1,1,3,113,一般客户
1779,-336,11,61778.130000000005,2,3,5,235,流失风险客户
1780,-292,12,43657.280000000006,1,4,4,144,流失风险客户
1781,-322,7,20575.93,2,1,1,211,一般客户
1782,-131,3,7751.27,1,1,1,111,一般客户
1783,-264,8,14968.120000000003,1,2,1,121,一般客户
1784,-331,8,34016.55,2,2,2,222,一般客户
1785,-366,16,45973.39000000001,5,5,4,554,冠军客户
1786,-364,14,21692.24,5,5,1,551,潜力客户
1787,-314,5,30532.100000000002,2,1,2,212,一般客户
1788,-339,20,77807.44,3,5,5,355,忠实客户
1789,-363,11,45303.83,5,3,4,534,潜力客户
1790,-354,12,54525.240000000005,4,4,4,444,冠军客户
1791,-336,6,24990.67,2,1,1,211,一般客户
1792,-358,7,33341.97,4,1,2,412,一般客户
1793,-366,10,33068.09999999999,5,3,2,532,潜力客户
1794,-335,11,50993.22,2,3,4,234,流失风险客户
1795,-334,14,92932.93,2,5,5,255,流失风险客户
1796,-363,11,32402.860000000004,5,3,2,532,潜力客户
1797,-328,12,54085.66999999999,2,4,4,244,流失风险客户
1798,-355,9,62674.659999999996,4,2,5,425,一般客户
1799,-346,8,10870.69,3,2,1,321,一般客户
1800,-289,6,27774.260000000002,1,1,2,112,一般客户
1801,-329,11,32727.449999999997,2,3,2,232,流失风险客户
1802,-340,10,37810.43,3,3,3,333,忠实客户
1803,-363,10,53367.89,5,3,4,534,潜力客户
1804,-338,13,43974.33,3,5,4,354,忠实客户
1805,-363,11,44987.66,5,3,4,534,潜力客户
1806,-366,5,14643.250000000002,5,1,1,511,一般客户
1807,-363,11,47863.25,5,3,4,534,潜力客户
1808,-300,9,29489.19,1,2,2,122,一般客户
1809,-341,7,39337.11000000001,3,1,3,313,一般客户
1810,-342,8,30319.52,3,2,2,322,一般客户
1811,-332,12,49597.32,2,4,4,244,流失风险客户
1812,-354,10,64225.729999999996,4,3,5,435,潜力客户
1813,-349,11,41607.979999999996,3,3,3,333,忠实客户
1814,-329,9,51926.22999999999,2,2,4,224,一般客户
1815,-343,13,43411.97999999999,3,5,4,354,忠实客户
1816,-361,10,35503.24,5,3,3,533,潜力客户
1817,-286,8,18691.020000000004,1,2,1,121,一般客户
1818,-359,11,40731.990000000005,4,3,3,433,潜力客户
1819,-330,11,41593.59,2,3,3,233,流失风险客户
1820,-334,4,10553.71,2,1,1,211,一般客户
1821,-336,12,34247.79,2,4,2,242,流失风险客户
1822,-282,11,54142.590000000004,1,3,4,134,流失风险客户
1823,-347,12,63762.59,3,4,5,345,忠实客户
1824,-342,11,90211.34999999999,3,3,5,335,忠实客户
1825,-331,9,29882.320000000003,2,2,2,222,一般客户
1826,-178,7,29495.550000000003,1,1,2,112,一般客户
1827,-360,10,40244.79,5,3,3,533,潜力客户
1828,-309,9,29698.710000000006,1,2,2,122,一般客户
1829,-356,9,40252.31,4,2,3,423,一般客户
1830,-301,6,21564.32,1,1,1,111,一般客户
1831,-302,8,11368.099999999999,1,2,1,121,一般客户
1832,-315,8,79110.28,2,2,5,225,一般客户
1833,-334,9,35862.76,2,2,3,223,一般客户
1834,-355,11,62700.92,4,3,5,435,潜力客户
1835,-293,12,80273.60999999999,1,4,5,145,流失风险客户
1836,-356,15,66779.14,4,5,5,455,冠军客户
1837,-335,14,73648.76000000001,2,5,5,255,流失风险客户
1838,-360,9,31644.96,5,2,2,522,一般客户
1839,-319,10,65225.259999999995,2,3,5,235,流失风险客户
1840,-359,11,37484.75,4,3,3,433,潜力客户
1841,-363,9,50441.1,5,2,4,524,一般客户
1842,-361,11,53464.229999999996,5,3,4,534,潜力客户
1843,-336,5,36075.15,2,1,3,213,一般客户
1844,-308,8,39886.73999999999,1,2,3,123,一般客户
1845,-355,9,36640.840000000004,4,2,3,423,一般客户
1846,-350,12,52798.41,4,4,4,444,冠军客户
1847,-307,11,50003.88999999999,1,3,4,134,流失风险客户
1848,-301,15,79042.45999999999,1,5,5,155,流失风险客户
1849,-285,6,32529.96,1,1,2,112,一般客户
1850,-365,13,57643.840000000004,5,5,5,555,冠军客户
1851,-312,8,35615.799999999996,2,2,3,223,一般客户
1852,-322,7,42409.78,2,1,3,213,一般客户
1853,-343,8,25990.98,3,2,1,321,一般客户
1854,-366,13,67668.66,5,5,5,555,冠军客户
1855,-350,14,40724.69,4,5,3,453,潜力客户
1856,-344,14,62819.030000000006,3,5,5,355,忠实客户
1857,-349,14,52802.32000000001,3,5,4,354,忠实客户
1858,-349,9,21687.820000000003,3,2,1,321,一般客户
1859,-327,14,62713.670000000006,2,5,5,255,流失风险客户
1860,-353,12,24873.7,4,4,1,441,潜力客户
1861,-342,11,28719.180000000004,3,3,2,332,忠实客户
1862,-347,13,72845.24,3,5,5,355,忠实客户
1863,-364,10,45823.28999999999,5,3,4,534,潜力客户
1864,-332,13,55778.79,2,5,5,255,流失风险客户
1865,-349,9,25621.64,3,2,1,321,一般客户
1866,-356,15,44905.68,4,5,4,454,冠军客户
1867,-308,9,16394.41,1,2,1,121,一般客户
1868,-322,11,21931.13,2,3,1,231,流失风险客户
1869,-313,16,68538.37,2,5,5,255,流失风险客户
1870,-326,12,51024.89000000001,2,4,4,244,流失风险客户
1871,-352,13,57387.27,4,5,5,455,冠军客户
1872,-346,9,27390.690000000002,3,2,2,322,一般客户
1873,-272,12,33955.08,1,4,2,142,流失风险客户
1874,-315,8,29810.83,2,2,2,222,一般客户
1875,-215,4,4357.01,1,1,1,111,一般客户
1876,-357,6,26546.19,4,1,2,412,一般客户
1877,-339,6,15700.529999999999,3,1,1,311,一般客户
1878,-335,11,56167.530000000006,2,3,5,235,流失风险客户
1879,-343,11,50695.19999999999,3,3,4,334,忠实客户
1880,-319,12,44243.270000000004,2,4,4,244,流失风险客户
1881,-364,10,55015.020000000004,5,3,5,535,潜力客户
1882,-343,8,30565.11,3,2,2,322,一般客户
1883,-363,11,41118.920000000006,5,3,3,533,潜力客户
1884,-343,6,21497.359999999997,3,1,1,311,一般客户
1885,-318,9,48322.36,2,2,4,224,一般客户
1886,-344,12,55611.729999999996,3,4,5,345,忠实客户
1887,-328,13,38988.48,2,5,3,253,流失风险客户
1888,-348,11,32487.17,3,3,2,332,忠实客户
1889,-345,15,66148.51,3,5,5,355,忠实客户
1890,-366,15,62476.68,5,5,5,555,冠军客户
1891,-350,4,14380.57,4,1,1,411,一般客户
1892,-325,8,41087.42,2,2,3,223,一般客户
1893,-364,8,20148.34,5,2,1,521,一般客户
1894,-349,12,28664.54,3,4,2,342,忠实客户
1895,-341,9,25397.31,3,2,1,321,一般客户
1896,-321,12,46232.78,2,4,4,244,流失风险客户
1897,-364,11,37652.37,5,3,3,533,潜力客户
1898,-356,12,51789.17999999999,4,4,4,444,冠军客户
1899,-362,18,82279.25999999998,5,5,5,555,冠军客户
1900,-343,10,47990.259999999995,3,3,4,334,忠实客户
1901,-350,6,22818.539999999997,4,1,1,411,一般客户
1902,-358,17,94327.26999999999,4,5,5,455,冠军客户
1903,-266,11,22021.93,1,3,1,131,流失风险客户
1904,-359,10,35128.9,4,3,3,433,潜力客户
1905,-332,12,51426.94,2,4,4,244,流失风险客户
1906,-347,8,28693.970000000005,3,2,2,322,一般客户
1907,-347,10,18249.170000000002,3,3,1,331,忠实客户
1908,-329,8,33716.85,2,2,2,222,一般客户
1909,-321,9,35919.270000000004,2,2,3,223,一般客户
1910,-304,19,71022.58,1,5,5,155,流失风险客户
1911,-361,12,46590.54000000001,5,4,4,544,冠军客户
1912,-349,10,25866.31,3,3,1,331,忠实客户
1913,-366,13,36532.48,5,5,3,553,潜力客户
1914,-330,10,27843.44,2,3,2,232,流失风险客户
1915,-339,10,22962.98,3,3,1,331,忠实客户
1916,-350,7,30032.820000000003,4,1,2,412,一般客户
1917,-324,10,36978.689999999995,2,3,3,233,流失风险客户
1918,-356,14,80589.37999999999,4,5,5,455,冠军客户
1919,-313,10,30690.760000000002,2,3,2,232,流失风险客户
1920,-352,9,58886.3,4,2,5,425,一般客户
1921,-359,14,57850.649999999994,4,5,5,455,冠军客户
1922,-322,6,39451.15,2,1,3,213,一般客户
1923,-351,8,29747.550000000003,4,2,2,422,一般客户
1924,-366,14,29283.829999999998,5,5,2,552,潜力客户
1925,-270,9,45726.009999999995,1,2,4,124,一般客户
1926,-349,9,38897.45999999999,3,2,3,323,一般客户
1927,-347,8,21686.28,3,2,1,321,一般客户
1928,-365,10,39620.78,5,3,3,533,潜力客户
1929,-351,8,26691.229999999996,4,2,2,422,一般客户
1930,-309,9,42015.39,1,2,3,123,一般客户
1931,-336,15,58257.59000000001,2,5,5,255,流失风险客户
1932,-352,13,56326.39,4,5,5,455,冠军客户
1933,-340,11,32073.550000000003,3,3,2,332,忠实客户
1934,-341,5,16636.34,3,1,1,311,一般客户
1935,-216,7,23881.72,1,1,1,111,一般客户
1936,-301,8,39441.42999999999,1,2,3,123,一般客户
1937,-351,12,48660.42,4,4,4,444,冠军客户
1938,-359,16,54206.25000000001,4,5,4,454,冠军客户
1939,-214,8,25456.339999999997,1,2,1,121,一般客户
1940,-362,10,37861.54,5,3,3,533,潜力客户
1941,-356,10,34161.48,4,3,2,432,潜力客户
1942,-357,15,66925.19,4,5,5,455,冠军客户
1943,-352,10,42447.21000000001,4,3,3,433,潜力客户
1944,-350,14,47795.87000000001,4,5,4,454,冠军客户
1945,-360,8,31754.36,5,2,2,522,一般客户
1946,-347,12,57718.95999999999,3,4,5,345,忠实客户
1947,-350,7,22603.200000000004,4,1,1,411,一般客户
1948,-363,11,49422.24,5,3,4,534,潜力客户
1949,-339,11,24707.58,3,3,1,331,忠实客户
1950,-360,11,38946.63000000001,5,3,3,533,潜力客户
1951,-361,6,20201.95,5,1,1,511,一般客户
1952,-355,13,83821.20999999999,4,5,5,455,冠军客户
1953,-322,13,81294.78,2,5,5,255,流失风险客户
1954,-335,15,63122.57,2,5,5,255,流失风险客户
1955,-354,16,87316.14000000001,4,5,5,455,冠军客户
1956,-326,6,8299.05,2,1,1,211,一般客户
1957,-307,8,35023.13,1,2,3,123,一般客户
1958,-356,12,41319.51,4,4,3,443,潜力客户
1959,-209,8,28385.4,1,2,2,122,一般客户
1960,-364,12,31044.95,5,4,2,542,潜力客户
1961,-328,8,23166.77,2,2,1,221,一般客户
1962,-133,5,12148.869999999999,1,1,1,111,一般客户
1963,-363,11,31050.649999999998,5,3,2,532,潜力客户
1964,-361,9,45390.03999999999,5,2,4,524,一般客户
1965,-362,10,43612.77999999999,5,3,4,534,潜力客户
1966,-359,8,41507.729999999996,4,2,3,423,一般客户
1967,-362,17,83629.35999999999,5,5,5,555,冠军客户
1968,-333,9,35196.03,2,2,3,223,一般客户
1969,-349,5,26560.129999999997,3,1,2,312,一般客户
1970,-361,9,24692.72,5,2,1,521,一般客户
1971,-312,7,17531.63,2,1,1,211,一般客户
1972,-358,9,37740.99,4,2,3,423,一般客户
1973,-333,7,22231.81,2,1,1,211,一般客户
1974,-314,12,40624.21000000001,2,4,3,243,流失风险客户
1975,-341,14,51395.17999999999,3,5,4,354,忠实客户
1976,-365,19,39937.259999999995,5,5,3,553,潜力客户
1977,-356,10,36977.21,4,3,3,433,潜力客户
1978,-350,8,45011.86,4,2,4,424,一般客户
1979,-365,17,62223.05,5,5,5,555,冠军客户
1980,-363,11,60515.99,5,3,5,535,潜力客户
1981,-300,12,36850.490000000005,1,4,3,143,流失风险客户
1982,-284,12,71930.44,1,4,5,145,流失风险客户
1983,-352,6,31470.190000000006,4,1,2,412,一般客户
1984,-333,14,69126.32,2,5,5,255,流失风险客户
1985,-357,7,39681.73,4,1,3,413,一般客户
1986,-350,11,33467.57,4,3,2,432,潜力客户
1987,-272,9,47437.03,1,2,4,124,一般客户
1988,-360,11,36869.92,5,3,3,533,潜力客户
1989,-363,9,40225.29,5,2,3,523,一般客户
1990,-354,5,10297.41,4,1,1,411,一般客户
1991,-333,7,42023.69,2,1,3,213,一般客户
1992,-345,9,35533.35,3,2,3,323,一般客户
1993,-300,9,45963.88,1,2,4,124,一般客户
1994,-342,11,44078.229999999996,3,3,4,334,忠实客户
1995,-356,5,16270.65,4,1,1,411,一般客户
1996,-349,8,17228.049999999996,3,2,1,321,一般客户
1997,-348,11,34584.49,3,3,2,332,忠实客户
1998,-335,5,20320.67,2,1,1,211,一般客户
1999,-343,11,44016.659999999996,3,3,4,334,忠实客户
